0,0,12426
2,0,152
3,0,242
4,0,188
5,0,108
6,0,90
7,0,78
8,0,120
9,0,264
10,0,274
11,0,292
12,0,258
13,0,138
14,0,90
15,0,66
16,0,68
17,0,104
18,0,74
19,0,54
20,0,116
21,0,240
22,0,140
23,0,60
24,0,66
25,0,56
26,0,96
27,0,86
28,0,112
29,0,86
30,0,70
31,0,62
32,0,66
33,0,42
34,0,20
35,0,36
36,0,44
37,0,30
38,0,20
39,0,48
40,0,44
41,0,48
42,0,26
43,0,40
44,0,32
45,0,24
46,0,64
47,0,24
48,0,24
49,0,24
50,0,28
51,0,10
52,0,2
53,0,6
54,0,16
55,0,22
56,0,18
57,0,16
58,0,6
59,0,20
60,0,20
61,0,32
62,0,36
63,0,58
64,0,30
65,0,42
66,0,50
67,0,28
68,0,52
69,0,56
70,0,56
71,0,60
72,0,24
73,0,10
74,0,32
75,0,16
76,0,18
77,0,16
78,0,28
79,0,26
80,0,26
81,0,58
82,0,94
83,0,38
84,0,38
85,0,26
86,0,22
87,0,18
88,0,22
89,0,10
90,0,12
0,2,152
2,2,35942
3,2,19686
4,2,12404
5,2,3314
6,2,1690
7,2,1572
8,2,2376
9,2,5128
10,2,3938
11,2,3784
12,2,3382
13,2,2268
14,2,1406
15,2,1100
16,2,1256
17,2,1410
18,2,874
19,2,596
20,2,1564
21,2,2390
22,2,1904
23,2,850
24,2,1012
25,2,872
26,2,1054
27,2,1276
28,2,1444
29,2,876
30,2,770
31,2,848
32,2,886
33,2,640
34,2,214
35,2,422
36,2,428
37,2,420
38,2,368
39,2,356
40,2,480
41,2,694
42,2,340
43,2,382
44,2,346
45,2,284
46,2,766
47,2,328
48,2,188
49,2,214
50,2,326
51,2,158
52,2,142
53,2,148
54,2,178
55,2,140
56,2,204
57,2,128
58,2,148
59,2,122
60,2,206
61,2,248
62,2,468
63,2,594
64,2,436
65,2,386
66,2,346
67,2,416
68,2,552
69,2,626
70,2,636
71,2,594
72,2,350
73,2,204
74,2,306
75,2,140
76,2,168
77,2,190
78,2,312
79,2,252
80,2,332
81,2,840
82,2,1086
83,2,518
84,2,444
85,2,572
86,2,152
87,2,110
88,2,172
89,2,102
90,2,90
0,3,242
2,3,19686
3,3,178170
4,3,97728
5,3,16642
6,3,6894
7,3,7062
8,3,9826
9,3,17880
10,3,13172
11,3,10978
12,3,10696
13,3,8038
14,3,6240
15,3,4100
16,3,5106
17,3,5620
18,3,3272
19,3,2460
20,3,5898
21,3,7850
22,3,7086
23,3,3374
24,3,3654
25,3,3746
26,3,3782
27,3,4274
28,3,4894
29,3,3788
30,3,3014
31,3,3148
32,3,3342
33,3,2422
34,3,978
35,3,1700
36,3,1830
37,3,1982
38,3,1430
39,3,1360
40,3,2134
41,3,2460
42,3,1488
43,3,1462
44,3,1404
45,3,1216
46,3,2572
47,3,1180
48,3,736
49,3,756
50,3,1262
51,3,630
52,3,410
53,3,482
54,3,664
55,3,456
56,3,658
57,3,298
58,3,408
59,3,406
60,3,612
61,3,834
62,3,1774
63,3,2126
64,3,1746
65,3,1594
66,3,1572
67,3,1518
68,3,1684
69,3,1962
70,3,1864
71,3,1938
72,3,1378
73,3,794
74,3,1014
75,3,530
76,3,542
77,3,814
78,3,1248
79,3,830
80,3,1302
81,3,2778
82,3,2952
83,3,1612
84,3,1390
85,3,1878
86,3,490
87,3,466
88,3,642
89,3,276
90,3,398
0,4,188
2,4,12404
3,4,97728
4,4,1511998
5,4,279286
6,4,68758
7,4,62444
8,4,85366
9,4,38284
10,4,18850
11,4,14006
12,4,17518
13,4,16798
14,4,28968
15,4,27380
16,4,20774
17,4,17156
18,4,25312
19,4,23044
20,4,21568
21,4,13152
22,4,15252
23,4,22476
24,4,8876
25,4,7916
26,4,8480
27,4,6612
28,4,11856
29,4,16720
30,4,8410
31,4,7628
32,4,7720
33,4,15110
34,4,12140
35,4,11064
36,4,11292
37,4,10232
38,4,10972
39,4,11498
40,4,8676
41,4,10488
42,4,11070
43,4,8590
44,4,8614
45,4,9590
46,4,6176
47,4,7962
48,4,7386
49,4,6616
50,4,5438
51,4,5558
52,4,4282
53,4,5038
54,4,4404
55,4,3626
56,4,4248
57,4,4012
58,4,4134
59,4,4558
60,4,5904
61,4,8986
62,4,7500
63,4,5304
64,4,6364
65,4,8022
66,4,3878
67,4,3548
68,4,3046
69,4,3642
70,4,3118
71,4,5260
72,4,7004
73,4,7176
74,4,6376
75,4,5868
76,4,5774
77,4,6246
78,4,6342
79,4,8300
80,4,9146
81,4,6156
82,4,5244
83,4,9212
84,4,9396
85,4,7518
86,4,6086
87,4,5414
88,4,4484
89,4,3328
90,4,3694
0,5,108
2,5,3314
3,5,16642
4,5,279286
5,5,1457616
6,5,222652
7,5,123362
8,5,93614
9,5,30852
10,5,14778
11,5,10368
12,5,12824
13,5,13494
14,5,24832
15,5,26928
16,5,19364
17,5,16658
18,5,26584
19,5,24890
20,5,18538
21,5,9312
22,5,12118
23,5,18854
24,5,7348
25,5,6708
26,5,6470
27,5,5366
28,5,9058
29,5,14342
30,5,7544
31,5,6956
32,5,6682
33,5,15736
34,5,14506
35,5,13726
36,5,12994
37,5,11022
38,5,13540
39,5,14070
40,5,10590
41,5,10892
42,5,12896
43,5,9954
44,5,8894
45,5,9814
46,5,5922
47,5,8878
48,5,10412
49,5,7544
50,5,5764
51,5,7374
52,5,5538
53,5,7490
54,5,6116
55,5,4596
56,5,5732
57,5,6376
58,5,7518
59,5,6946
60,5,9126
61,5,12236
62,5,8408
63,5,4898
64,5,6024
65,5,7280
66,5,3636
67,5,3116
68,5,2706
69,5,2982
70,5,2658
71,5,4548
72,5,7428
73,5,7804
74,5,8896
75,5,8448
76,5,8224
77,5,8392
78,5,8858
79,5,10326
80,5,10422
81,5,5000
82,5,4414
83,5,9506
84,5,10808
85,5,8318
86,5,8600
87,5,7870
88,5,6878
89,5,4674
90,5,4850
0,6,90
2,6,1690
3,6,6894
4,6,68758
5,6,222652
6,6,1987406
7,6,365578
8,6,113368
9,6,23308
10,6,10482
11,6,7384
12,6,9378
13,6,9984
14,6,19624
15,6,21842
16,6,15290
17,6,13014
18,6,23784
19,6,22716
20,6,12838
21,6,5908
22,6,8026
23,6,15264
24,6,5196
25,6,5032
26,6,4974
27,6,3792
28,6,6164
29,6,10590
30,6,5630
31,6,5052
32,6,4762
33,6,13578
34,6,16478
35,6,12102
36,6,10942
37,6,9804
38,6,12222
39,6,13068
40,6,7538
41,6,7972
42,6,10602
43,6,8720
44,6,8574
45,6,10102
46,6,3920
47,6,8904
48,6,10786
49,6,8828
50,6,5680
51,6,8186
52,6,8298
53,6,8652
54,6,7130
55,6,6206
56,6,6632
57,6,8414
58,6,8186
59,6,9496
60,6,10236
61,6,11788
62,6,6316
63,6,3434
64,6,4556
65,6,5992
66,6,2688
67,6,2470
68,6,2096
69,6,2260
70,6,1924
71,6,3398
72,6,5684
73,6,8376
74,6,7506
75,6,10060
76,6,9630
77,6,9474
78,6,7678
79,6,10448
80,6,7962
81,6,4448
82,6,3404
83,6,7488
84,6,9368
85,6,6870
86,6,10124
87,6,9266
88,6,6740
89,6,6196
90,6,5120
0,7,78
2,7,1572
3,7,7062
4,7,62444
5,7,123362
6,7,365578
7,7,1724900
8,7,347860
9,7,36562
10,7,14564
11,7,9394
12,7,11150
13,7,10838
14,7,19850
15,7,22706
16,7,15726
17,7,13072
18,7,23006
19,7,22190
20,7,13816
21,7,7038
22,7,9140
23,7,13532
24,7,5552
25,7,5256
26,7,4986
27,7,3874
28,7,6604
29,7,9598
30,7,5480
31,7,5070
32,7,4742
33,7,12078
34,7,14074
35,7,12060
36,7,10918
37,7,9324
38,7,12384
39,7,11570
40,7,8080
41,7,8118
42,7,9808
43,7,7878
44,7,7596
45,7,8274
46,7,4248
47,7,7594
48,7,11776
49,7,8250
50,7,5772
51,7,8328
52,7,6840
53,7,9624
54,7,7522
55,7,5652
56,7,6624
57,7,7592
58,7,11064
59,7,9282
60,7,11598
61,7,12884
62,7,7294
63,7,3830
64,7,4406
65,7,5748
66,7,2786
67,7,2460
68,7,2120
69,7,2304
70,7,1964
71,7,3238
72,7,6088
73,7,8002
74,7,10002
75,7,10524
76,7,9898
77,7,9442
78,7,8666
79,7,10384
80,7,9222
81,7,4346
82,7,3654
83,7,8972
84,7,10850
85,7,8104
86,7,11534
87,7,11586
88,7,9956
89,7,7258
90,7,5738
0,8,120
2,8,2376
3,8,9826
4,8,85366
5,8,93614
6,8,113368
7,8,347860
8,8,1775078
9,8,259822
10,8,34256
11,8,21128
12,8,27986
13,8,22280
14,8,42332
15,8,38640
16,8,25254
17,8,20258
18,8,34102
19,8,32748
20,8,22866
21,8,11886
22,8,15344
23,8,25212
24,8,8996
25,8,7856
26,8,8370
27,8,6126
28,8,11204
29,8,17512
30,8,7920
31,8,7272
32,8,7374
33,8,17484
34,8,16890
35,8,13318
36,8,12858
37,8,11148
38,8,13358
39,8,14528
40,8,9186
41,8,10620
42,8,13634
43,8,10192
44,8,10508
45,8,11960
46,8,5844
47,8,10208
48,8,10308
49,8,8368
50,8,6038
51,8,7292
52,8,6012
53,8,6782
54,8,5836
55,8,4868
56,8,5420
57,8,6290
58,8,6362
59,8,7130
60,8,7666
61,8,11958
62,8,7770
63,8,5106
64,8,6854
65,8,8696
66,8,4098
67,8,3526
68,8,3008
69,8,3532
70,8,2984
71,8,5274
72,8,8034
73,8,9790
74,8,8556
75,8,9216
76,8,8078
77,8,8464
78,8,7066
79,8,10190
80,8,9988
81,8,6234
82,8,4954
83,8,9804
84,8,11008
85,8,8254
86,8,9420
87,8,7772
88,8,6476
89,8,5470
90,8,4390
0,9,264
2,9,5128
3,9,17880
4,9,38284
5,9,30852
6,9,23308
7,9,36562
8,9,259822
9,9,698456
10,9,177446
11,9,79108
12,9,70956
13,9,41066
14,9,32344
15,9,19298
16,9,20792
17,9,20930
18,9,13766
19,9,10782
20,9,22074
21,9,24746
22,9,21760
23,9,12826
24,9,11854
25,9,11452
26,9,11410
27,9,12176
28,9,15014
29,9,12548
30,9,9482
31,9,9794
32,9,10360
33,9,8460
34,9,4416
35,9,6194
36,9,6218
37,9,6324
38,9,5416
39,9,4814
40,9,6986
41,9,7952
42,9,5200
43,9,5342
44,9,4752
45,9,4838
46,9,7994
47,9,4300
48,9,2728
49,9,2760
50,9,3804
51,9,2158
52,9,1562
53,9,1842
54,9,2000
55,9,1622
56,9,2208
57,9,986
58,9,1328
59,9,1312
60,9,2464
61,9,3156
62,9,6050
63,9,6706
64,9,5982
65,9,5922
66,9,5384
67,9,5280
68,9,5712
69,9,6154
70,9,6150
71,9,7022
72,9,5114
73,9,3428
74,9,3732
75,9,2204
76,9,2030
77,9,2704
78,9,3962
79,9,3200
80,9,3970
81,9,6642
82,9,7296
83,9,5048
84,9,4194
85,9,4920
86,9,1534
87,9,1458
88,9,1816
89,9,798
90,9,1098
0,10,274
2,10,3938
3,10,13172
4,10,18850
5,10,14778
6,10,10482
7,10,14564
8,10,34256
9,10,177446
10,10,570696
11,10,154010
12,10,91016
13,10,41590
14,10,25514
15,10,13746
16,10,16126
17,10,17048
18,10,9296
19,10,6938
20,10,16116
21,10,24482
22,10,18914
23,10,8490
24,10,10546
25,10,10816
26,10,10988
27,10,12592
28,10,13364
29,10,9294
30,10,8410
31,10,8946
32,10,8742
33,10,5474
34,10,2576
35,10,4180
36,10,3956
37,10,4586
38,10,3252
39,10,2926
40,10,4886
41,10,5316
42,10,3348
43,10,3742
44,10,3434
45,10,3040
46,10,6428
47,10,3142
48,10,1658
49,10,1850
50,10,2672
51,10,1450
52,10,960
53,10,1028
54,10,1276
55,10,1028
56,10,1440
57,10,542
58,10,896
59,10,802
60,10,1408
61,10,1756
62,10,4148
63,10,5716
64,10,4442
65,10,4016
66,10,4834
67,10,5274
68,10,6144
69,10,6278
70,10,6526
71,10,5948
72,10,3636
73,10,2086
74,10,2514
75,10,1256
76,10,1250
77,10,1660
78,10,2574
79,10,1848
80,10,2296
81,10,5168
82,10,6172
83,10,3044
84,10,2534
85,10,3270
86,10,890
87,10,760
88,10,1040
89,10,436
90,10,646
0,11,292
2,11,3784
3,11,10978
4,11,14006
5,11,10368
6,11,7384
7,11,9394
8,11,21128
9,11,79108
10,11,154010
11,11,498180
12,11,159802
13,11,47720
14,11,27154
15,11,13642
16,11,15608
17,11,16268
18,11,8786
19,11,6336
20,11,14778
21,11,24146
22,11,18214
23,11,7732
24,11,9908
25,11,10150
26,11,11220
27,11,12366
28,11,12888
29,11,8534
30,11,7728
31,11,7660
32,11,8276
33,11,4864
34,11,2192
35,11,3294
36,11,3462
37,11,3974
38,11,2914
39,11,2424
40,11,4362
41,11,4716
42,11,2952
43,11,3332
44,11,2976
45,11,2602
46,11,5850
47,11,2568
48,11,1446
49,11,1496
50,11,2456
51,11,1182
52,11,776
53,11,1002
54,11,1162
55,11,938
56,11,1250
57,11,534
58,11,744
59,11,670
60,11,1118
61,11,1462
62,11,3444
63,11,5046
64,11,3818
65,11,3638
66,11,4368
67,11,4912
68,11,5748
69,11,5832
70,11,5778
71,11,4988
72,11,3216
73,11,1718
74,11,1928
75,11,1120
76,11,1004
77,11,1504
78,11,2074
79,11,1456
80,11,1890
81,11,4682
82,11,5630
83,11,2496
84,11,2150
85,11,2876
86,11,746
87,11,640
88,11,846
89,11,388
90,11,506
0,12,258
2,12,3382
3,12,10696
4,12,17518
5,12,12824
6,12,9378
7,12,11150
8,12,27986
9,12,70956
10,12,91016
11,12,159802
12,12,573994
13,12,195918
14,12,89716
15,12,27486
16,12,27806
17,12,25182
18,12,14762
19,12,10748
20,12,21630
21,12,28276
22,12,21746
23,12,11904
24,12,12326
25,12,12072
26,12,12708
27,12,13172
28,12,14668
29,12,11692
30,12,9692
31,12,9424
32,12,9612
33,12,7082
34,12,3306
35,12,5104
36,12,5008
37,12,5260
38,12,4248
39,12,3772
40,12,5604
41,12,6260
42,12,4042
43,12,4580
44,12,4346
45,12,4296
46,12,7018
47,12,3622
48,12,2190
49,12,2462
50,12,3510
51,12,1994
52,12,1390
53,12,1464
54,12,1542
55,12,1440
56,12,1758
57,12,836
58,12,948
59,12,1064
60,12,1820
61,12,2234
62,12,4628
63,12,5808
64,12,5000
65,12,4986
66,12,5052
67,12,5370
68,12,5954
69,12,6564
70,12,5996
71,12,6240
72,12,4024
73,12,2720
74,12,2732
75,12,1648
76,12,1626
77,12,2028
78,12,2758
79,12,2100
80,12,2694
81,12,5284
82,12,5822
83,12,3330
84,12,2872
85,12,3216
86,12,1138
87,12,960
88,12,1172
89,12,502
90,12,748
0,13,138
2,13,2268
3,13,8038
4,13,16798
5,13,13494
6,13,9984
7,13,10838
8,13,22280
9,13,41066
10,13,41590
11,13,47720
12,13,195918
13,13,648714
14,13,206188
15,13,38486
16,13,37142
17,13,32902
18,13,18062
19,13,12896
20,13,25460
21,13,26184
22,13,22198
23,13,12408
24,13,12570
25,13,12104
26,13,11684
27,13,11600
28,13,13960
29,13,11802
30,13,10098
31,13,9998
32,13,10072
33,13,8074
34,13,4104
35,13,5884
36,13,5620
37,13,6150
38,13,4896
39,13,4194
40,13,6246
41,13,7050
42,13,4848
43,13,5292
44,13,4820
45,13,4954
46,13,8238
47,13,4310
48,13,2728
49,13,3156
50,13,3960
51,13,2436
52,13,1604
53,13,1838
54,13,1832
55,13,1584
56,13,2076
57,13,1056
58,13,1420
59,13,1446
60,13,2258
61,13,2808
62,13,5376
63,13,6160
64,13,5798
65,13,5506
66,13,5518
67,13,5196
68,13,5422
69,13,5706
70,13,5542
71,13,6152
72,13,4610
73,13,3092
74,13,2928
75,13,1952
76,13,1884
77,13,2532
78,13,3132
79,13,2540
80,13,3066
81,13,4850
82,13,5370
83,13,3522
84,13,3158
85,13,3298
86,13,1348
87,13,1208
88,13,1380
89,13,736
90,13,890
0,14,90
2,14,1406
3,14,6240
4,14,28968
5,14,24832
6,14,19624
7,14,19850
8,14,42332
9,14,32344
10,14,25514
11,14,27154
12,14,89716
13,14,206188
14,14,1006924
15,14,344072
16,14,89988
17,14,48638
18,14,55444
19,14,42852
20,14,35108
21,14,21612
22,14,22674
23,14,27360
24,14,12334
25,14,11494
26,14,12050
27,14,9476
28,14,15070
29,14,21202
30,14,10934
31,14,10244
32,14,9732
33,14,15886
34,14,13274
35,14,10916
36,14,11332
37,14,10398
38,14,11224
39,14,11510
40,14,8582
41,14,10070
42,14,11562
43,14,9886
44,14,9886
45,14,11070
46,14,7678
47,14,9502
48,14,7834
49,14,6942
50,14,6552
51,14,6422
52,14,4456
53,14,4448
54,14,4232
55,14,3746
56,14,4222
57,14,3782
58,14,3928
59,14,4520
60,14,5232
61,14,8356
62,14,7568
63,14,6438
64,14,7862
65,14,9336
66,14,5240
67,14,4848
68,14,4470
69,14,4862
70,14,4420
71,14,6270
72,14,7440
73,14,7458
74,14,6080
75,14,5640
76,14,5266
77,14,5232
78,14,5122
79,14,6148
80,14,6734
81,14,5346
82,14,4600
83,14,6442
84,14,6208
85,14,5210
86,14,4600
87,14,3638
88,14,2668
89,14,1852
90,14,2290
0,15,66
2,15,1100
3,15,4100
4,15,27380
5,15,26928
6,15,21842
7,15,22706
8,15,38640
9,15,19298
10,15,13746
11,15,13642
12,15,27486
13,15,38486
14,15,344072
15,15,1349136
16,15,367898
17,15,84896
18,15,103818
19,15,66300
20,15,35752
21,15,16784
22,15,18208
23,15,27918
24,15,10170
25,15,9760
26,15,10274
27,15,7620
28,15,12566
29,15,19454
30,15,9408
31,15,8422
32,15,8554
33,15,18354
34,15,18178
35,15,13026
36,15,13336
37,15,11380
38,15,13658
39,15,14246
40,15,8880
41,15,10200
42,15,13938
43,15,10728
44,15,10858
45,15,12750
46,15,6710
47,15,11766
48,15,11662
49,15,9298
50,15,8644
51,15,9504
52,15,6764
53,15,6266
54,15,5862
55,15,5422
56,15,5790
57,15,6070
58,15,6022
59,15,6958
60,15,7668
61,15,11852
62,15,8156
63,15,5912
64,15,7462
65,15,9246
66,15,4424
67,15,4220
68,15,3686
69,15,4184
70,15,3630
71,15,5180
72,15,7892
73,15,9674
74,15,7608
75,15,7990
76,15,7460
77,15,6994
78,15,5930
79,15,7930
80,15,8178
81,15,4888
82,15,3898
83,15,7274
84,15,7972
85,15,5936
86,15,7332
87,15,5762
88,15,3440
89,15,2680
90,15,2878
0,16,68
2,16,1256
3,16,5106
4,16,20774
5,16,19364
6,16,15290
7,16,15726
8,16,25254
9,16,20792
10,16,16126
11,16,15608
12,16,27806
13,16,37142
14,16,89988
15,16,367898
16,16,1015146
17,16,329334
18,16,141318
19,16,50702
20,16,48156
21,16,25708
22,16,23760
23,16,20276
24,16,11954
25,16,11392
26,16,10472
27,16,9242
28,16,13332
29,16,16656
30,16,11230
31,16,10544
32,16,10276
33,16,13800
34,16,9766
35,16,10624
36,16,9664
37,16,10054
38,16,9582
39,16,8622
40,16,9196
41,16,9966
42,16,8654
43,16,8578
44,16,8326
45,16,9052
46,16,8912
47,16,8516
48,16,6526
49,16,6460
50,16,7014
51,16,5526
52,16,4028
53,16,4574
54,16,3834
55,16,3540
56,16,4342
57,16,2688
58,16,3272
59,16,3698
60,16,5334
61,16,7322
62,16,9240
63,16,7240
64,16,7684
65,16,8292
66,16,5614
67,16,5212
68,16,4752
69,16,4994
70,16,4800
71,16,6676
72,16,7466
73,16,6806
74,16,5980
75,16,4442
76,16,4638
77,16,4930
78,16,5692
79,16,5386
80,16,5914
81,16,5204
82,16,4844
83,16,6084
84,16,5752
85,16,5258
86,16,3544
87,16,2758
88,16,2874
89,16,1506
90,16,1862
0,17,104
2,17,1410
3,17,5620
4,17,17156
5,17,16658
6,17,13014
7,17,13072
8,17,20258
9,17,20930
10,17,17048
11,17,16268
12,17,25182
13,17,32902
14,17,48638
15,17,84896
16,17,329334
17,17,956224
18,17,337392
19,17,53162
20,17,57692
21,17,31288
22,17,26400
23,17,18082
24,17,12970
25,17,12196
26,17,11016
27,17,10490
28,17,13540
29,17,15252
30,17,11442
31,17,11188
32,17,11200
33,17,12594
34,17,7850
35,17,9936
36,17,8834
37,17,9442
38,17,8562
39,17,7716
40,17,9904
41,17,10572
42,17,7780
43,17,7988
44,17,7140
45,17,8012
46,17,9816
47,17,7232
48,17,5688
49,17,5766
50,17,6484
51,17,4674
52,17,3416
53,17,3848
54,17,3630
55,17,3288
56,17,3996
57,17,2074
58,17,2934
59,17,3024
60,17,5088
61,17,5954
62,17,9770
63,17,8012
64,17,7558
65,17,7708
66,17,6110
67,17,5794
68,17,5452
69,17,5724
70,17,5422
71,17,7140
72,17,7134
73,17,5624
74,17,5740
75,17,3850
76,17,3884
77,17,4610
78,17,5996
79,17,4972
80,17,5378
81,17,6320
82,17,5972
83,17,5994
84,17,5738
85,17,5554
86,17,2646
87,17,2462
88,17,2704
89,17,1266
90,17,1720
0,18,74
2,18,874
3,18,3272
4,18,25312
5,18,26584
6,18,23784
7,18,23006
8,18,34102
9,18,13766
10,18,9296
11,18,8786
12,18,14762
13,18,18062
14,18,55444
15,18,103818
16,18,141318
17,18,337392
18,18,1369784
19,18,442212
20,18,66440
21,18,21588
22,18,20944
23,18,32366
24,18,10458
25,18,9502
26,18,9782
27,18,7220
28,18,12728
29,18,20408
30,18,8900
31,18,8422
32,18,7938
33,18,20692
34,18,22060
35,18,14554
36,18,14368
37,18,11946
38,18,15868
39,18,16644
40,18,9568
41,18,11006
42,18,16038
43,18,11522
44,18,11520
45,18,13626
46,18,6572
47,18,13270
48,18,14380
49,18,10416
50,18,8256
51,18,10608
52,18,8230
53,18,8410
54,18,6918
55,18,6746
56,18,6858
57,18,8696
58,18,8158
59,18,8826
60,18,9072
61,18,14554
62,18,8554
63,18,5680
64,18,7362
65,18,9348
66,18,4238
67,18,3994
68,18,3410
69,18,3894
70,18,3400
71,18,5296
72,18,8202
73,18,11016
74,18,9366
75,18,10280
76,18,9604
77,18,8590
78,18,6860
79,18,9034
80,18,9092
81,18,5038
82,18,4108
83,18,8322
84,18,9142
85,18,6968
86,18,9698
87,18,7302
88,18,4330
89,18,3826
90,18,3670
0,19,54
2,19,596
3,19,2460
4,19,23044
5,19,24890
6,19,22716
7,19,22190
8,19,32748
9,19,10782
10,19,6938
11,19,6336
12,19,10748
13,19,12896
14,19,42852
15,19,66300
16,19,50702
17,19,53162
18,19,442212
19,19,1556024
20,19,213410
21,19,28204
22,19,24154
23,19,40952
24,19,11480
25,19,10072
26,19,10734
27,19,7048
28,19,13158
29,19,22142
30,19,8896
31,19,7808
32,19,7402
33,19,21442
34,19,24590
35,19,15316
36,19,14850
37,19,12280
38,19,17036
39,19,17676
40,19,9064
41,19,10318
42,19,16590
43,19,12546
44,19,12726
45,19,15384
46,19,5746
47,19,14328
48,19,15100
49,19,11952
50,19,8496
51,19,11952
52,19,9234
53,19,8908
54,19,6964
55,19,6950
56,19,6784
57,19,9034
58,19,8752
59,19,10248
60,19,9444
61,19,15208
62,19,8134
63,19,4978
64,19,7540
65,19,9654
66,19,4028
67,19,3592
68,19,3086
69,19,3620
70,19,2846
71,19,4966
72,19,8400
73,19,12662
74,19,9738
75,19,11006
76,19,10600
77,19,8754
78,19,6422
79,19,9654
80,19,9156
81,19,4260
82,19,3308
83,19,8016
84,19,9066
85,19,6140
86,19,10380
87,19,7768
88,19,4058
89,19,3836
90,19,3714
0,20,116
2,20,1564
3,20,5898
4,20,21568
5,20,18538
6,20,12838
7,20,13816
8,20,22866
9,20,22074
10,20,16116
11,20,14778
12,20,21630
13,20,25460
14,20,35108
15,20,35752
16,20,48156
17,20,57692
18,20,66440
19,20,213410
20,20,929466
21,20,150984
22,20,66738
23,20,40312
24,20,22850
25,20,20394
26,20,16842
27,20,15346
28,20,22910
29,20,24276
30,20,14896
31,20,14074
32,20,13936
33,20,16942
34,20,10048
35,20,12390
36,20,11380
37,20,11618
38,20,10374
39,20,9898
40,20,12582
41,20,13722
42,20,10584
43,20,10778
44,20,10122
45,20,10922
46,20,12110
47,20,9668
48,20,6630
49,20,6462
50,20,7262
51,20,4874
52,20,3180
53,20,4024
54,20,3736
55,20,3118
56,20,3944
57,20,2062
58,20,2794
59,20,2724
60,20,4946
61,20,7020
62,20,11706
63,20,9672
64,20,9782
65,20,11254
66,20,7744
67,20,6944
68,20,6832
69,20,7270
70,20,6736
71,20,9302
72,20,10112
73,20,7362
74,20,7074
75,20,4436
76,20,3996
77,20,5182
78,20,6900
79,20,6056
80,20,7314
81,20,7366
82,20,6850
83,20,8002
84,20,7186
85,20,6408
86,20,2824
87,20,2444
88,20,2772
89,20,1278
90,20,1818
0,21,240
2,21,2390
3,21,7850
4,21,13152
5,21,9312
6,21,5908
7,21,7038
8,21,11886
9,21,24746
10,21,24482
11,21,24146
12,21,28276
13,21,26184
14,21,21612
15,21,16784
16,21,25708
17,21,31288
18,21,21588
19,21,28204
20,21,150984
21,21,663396
22,21,202264
23,21,46136
24,21,35894
25,21,32366
26,21,26150
27,21,27736
28,21,32914
29,21,21818
30,21,15446
31,21,14516
32,21,14960
33,21,11116
34,21,5084
35,21,7226
36,21,7282
37,21,7884
38,21,5970
39,21,5142
40,21,8378
41,21,9534
42,21,5978
43,21,6800
44,21,6182
45,21,6020
46,21,11544
47,21,5548
48,21,2990
49,21,3140
50,21,4718
51,21,2486
52,21,1640
53,21,1990
54,21,2026
55,21,1756
56,21,2344
57,21,966
58,21,1352
59,21,1290
60,21,2446
61,21,3172
62,21,7140
63,21,9226
64,21,7304
65,21,7404
66,21,7546
67,21,8078
68,21,8896
69,21,9192
70,21,9196
71,21,9318
72,21,6054
73,21,3608
74,21,3848
75,21,2106
76,21,2078
77,21,2604
78,21,3956
79,21,2766
80,21,3740
81,21,7774
82,21,8890
83,21,5002
84,21,3954
85,21,4948
86,21,1242
87,21,1066
88,21,1454
89,21,612
90,21,884
0,22,140
2,22,1904
3,22,7086
4,22,15252
5,22,12118
6,22,8026
7,22,9140
8,22,15344
9,22,21760
10,22,18914
11,22,18214
12,22,21746
13,22,22198
14,22,22674
15,22,18208
16,22,23760
17,22,26400
18,22,20944
19,22,24154
20,22,66738
21,22,202264
22,22,790704
23,22,159690
24,22,66402
25,22,50748
26,22,34274
27,22,32796
28,22,45590
29,22,32974
30,22,17790
31,22,16208
32,22,15848
33,22,15882
34,22,7268
35,22,10168
36,22,9712
37,22,10196
38,22,8606
39,22,7462
40,22,10864
41,22,12456
42,22,8444
43,22,9410
44,22,8188
45,22,7902
46,22,12472
47,22,7242
48,22,4460
49,22,4368
50,22,5614
51,22,3386
52,22,2154
53,22,2710
54,22,2798
55,22,2162
56,22,2930
57,22,1336
58,22,1922
59,22,1948
60,22,3200
61,22,4564
62,22,9042
63,22,9450
64,22,8822
65,22,9506
66,22,7896
67,22,7608
68,22,7850
69,22,8156
70,22,8136
71,22,9566
72,22,7892
73,22,4800
74,22,5242
75,22,3070
76,22,2926
77,22,3732
78,22,5224
79,22,4124
80,22,4986
81,22,7390
82,22,7516
83,22,6010
84,22,4878
85,22,5290
86,22,1722
87,22,1548
88,22,1742
89,22,854
90,22,1044
0,23,60
2,23,850
3,23,3374
4,23,22476
5,23,18854
6,23,15264
7,23,13532
8,23,25212
9,23,12826
10,23,8490
11,23,7732
12,23,11904
13,23,12408
14,23,27360
15,23,27918
16,23,20276
17,23,18082
18,23,32366
19,23,40952
20,23,40312
21,23,46136
22,23,159690
23,23,1222742
24,23,246902
25,23,114724
26,23,68582
27,23,42180
28,23,82338
29,23,71440
30,23,17682
31,23,13254
32,23,13134
33,23,25572
34,23,20234
35,23,15248
36,23,16296
37,23,14618
38,23,14628
39,23,16028
40,23,10854
41,23,14140
42,23,18076
43,23,13724
44,23,14304
45,23,15446
46,23,9044
47,23,13324
48,23,10264
49,23,8828
50,23,8996
51,23,7682
52,23,5384
53,23,4986
54,23,4992
55,23,4810
56,23,4616
57,23,4342
58,23,4102
59,23,5006
60,23,5648
61,23,9470
62,23,7856
63,23,6612
64,23,9316
65,23,12218
66,23,5758
67,23,5344
68,23,4786
69,23,5532
70,23,4834
71,23,7354
72,23,9290
73,23,10570
74,23,7482
75,23,7352
76,23,6592
77,23,6854
78,23,5608
79,23,7634
80,23,8020
81,23,5872
82,23,4868
83,23,7274
84,23,7016
85,23,5364
86,23,5226
87,23,3770
88,23,2596
89,23,1986
90,23,2144
0,24,66
2,24,1012
3,24,3654
4,24,8876
5,24,7348
6,24,5196
7,24,5552
8,24,8996
9,24,11854
10,24,10546
11,24,9908
12,24,12326
13,24,12570
14,24,12334
15,24,10170
16,24,11954
17,24,12970
18,24,10458
19,24,11480
20,24,22850
21,24,35894
22,24,66402
23,24,246902
24,24,582914
25,24,171232
26,24,60572
27,24,48680
28,24,62770
29,24,32770
30,24,15752
31,24,13440
32,24,13236
33,24,11516
34,24,6056
35,24,7374
36,24,7466
37,24,7928
38,24,6356
39,24,5818
40,24,7794
41,24,8988
42,24,6666
43,24,7130
44,24,6650
45,24,6244
46,24,8948
47,24,5568
48,24,3344
49,24,3452
50,24,4424
51,24,2628
52,24,1750
53,24,1882
54,24,2106
55,24,1768
56,24,2020
57,24,1132
58,24,1308
59,24,1458
60,24,2292
61,24,2930
62,24,5534
63,24,6128
64,24,6244
65,24,6368
66,24,5734
67,24,5780
68,24,5444
69,24,5568
70,24,5794
71,24,6224
72,24,5268
73,24,3426
74,24,3542
75,24,2262
76,24,2058
77,24,2714
78,24,3180
79,24,2494
80,24,3232
81,24,4378
82,24,4668
83,24,3544
84,24,2886
85,24,3140
86,24,1298
87,24,1046
88,24,1192
89,24,574
90,24,718
0,25,56
2,25,872
3,25,3746
4,25,7916
5,25,6708
6,25,5032
7,25,5256
8,25,7856
9,25,11452
10,25,10816
11,25,10150
12,25,12072
13,25,12104
14,25,11494
15,25,9760
16,25,11392
17,25,12196
18,25,9502
19,25,10072
20,25,20394
21,25,32366
22,25,50748
23,25,114724
24,25,171232
25,25,511084
26,25,148622
27,25,80592
28,25,80666
29,25,35540
30,25,17046
31,25,14406
32,25,13380
33,25,11564
34,25,5830
35,25,7532
36,25,7346
37,25,7836
38,25,6276
39,25,5498
40,25,7814
41,25,8982
42,25,6266
43,25,7078
44,25,6548
45,25,6226
46,25,9076
47,25,5492
48,25,3420
49,25,3326
50,25,4384
51,25,2552
52,25,1680
53,25,1884
54,25,1994
55,25,1656
56,25,2024
57,25,1046
58,25,1330
59,25,1378
60,25,2242
61,25,2908
62,25,5390
63,25,6204
64,25,6058
65,25,6196
66,25,5932
67,25,5990
68,25,5806
69,25,5956
70,25,5942
71,25,6412
72,25,5346
73,25,3302
74,25,3468
75,25,2232
76,25,2028
77,25,2482
78,25,2946
79,25,2522
80,25,3068
81,25,4410
82,25,4564
83,25,3314
84,25,2744
85,25,2988
86,25,1216
87,25,974
88,25,1160
89,25,590
90,25,726
0,26,96
2,26,1054
3,26,3782
4,26,8480
5,26,6470
6,26,4974
7,26,4986
8,26,8370
9,26,11410
10,26,10988
11,26,11220
12,26,12708
13,26,11684
14,26,12050
15,26,10274
16,26,10472
17,26,11016
18,26,9782
19,26,10734
20,26,16842
21,26,26150
22,26,34274
23,26,68582
24,26,60572
25,26,148622
26,26,619274
27,26,168932
28,26,107004
29,26,44252
30,26,17268
31,26,14896
32,26,13490
33,26,12248
34,26,7576
35,26,8042
36,26,8618
37,26,8460
38,26,6926
39,26,6418
40,26,7368
41,26,8724
42,26,7728
43,26,7968
44,26,7468
45,26,7440
46,26,8554
47,26,6220
48,26,3792
49,26,3922
50,26,6046
51,26,3234
52,26,2234
53,26,2032
54,26,2284
55,26,2162
56,26,2532
57,26,1290
58,26,1434
59,26,1626
60,26,2350
61,26,3172
62,26,5042
63,26,6160
64,26,6078
65,26,6270
66,26,5246
67,26,5620
68,26,5990
69,26,6474
70,26,6202
71,26,6084
72,26,5006
73,26,4284
74,26,3558
75,26,2650
76,26,2358
77,26,2900
78,26,3104
79,26,2596
80,26,3236
81,26,4870
82,26,5032
83,26,3524
84,26,2892
85,26,3064
86,26,1356
87,26,1054
88,26,1118
89,26,670
90,26,726
0,27,86
2,27,1276
3,27,4274
4,27,6612
5,27,5366
6,27,3792
7,27,3874
8,27,6126
9,27,12176
10,27,12592
11,27,12366
12,27,13172
13,27,11600
14,27,9476
15,27,7620
16,27,9242
17,27,10490
18,27,7220
19,27,7048
20,27,15346
21,27,27736
22,27,32796
23,27,42180
24,27,48680
25,27,80592
26,27,168932
27,27,486026
28,27,170752
29,27,43298
30,27,20380
31,27,17062
32,27,14842
33,27,11450
34,27,5208
35,27,6992
36,27,6948
37,27,7116
38,27,5972
39,27,4978
40,27,7430
41,27,8290
42,27,5806
43,27,6212
44,27,6054
45,27,5528
46,27,8886
47,27,4766
48,27,2698
49,27,2720
50,27,4214
51,27,2222
52,27,1466
53,27,1608
54,27,1610
55,27,1414
56,27,1908
57,27,842
58,27,1154
59,27,1064
60,27,1802
61,27,2348
62,27,4960
63,27,6172
64,27,5588
65,27,5782
66,27,5772
67,27,6152
68,27,6692
69,27,6826
70,27,6864
71,27,6474
72,27,4566
73,27,2946
74,27,3028
75,27,1792
76,27,1654
77,27,2238
78,27,2748
79,27,2042
80,27,2472
81,27,4784
82,27,5414
83,27,3126
84,27,2510
85,27,3084
86,27,950
87,27,774
88,27,856
89,27,478
90,27,600
0,28,112
2,28,1444
3,28,4894
4,28,11856
5,28,9058
6,28,6164
7,28,6604
8,28,11204
9,28,15014
10,28,13364
11,28,12888
12,28,14668
13,28,13960
14,28,15070
15,28,12566
16,28,13332
17,28,13540
18,28,12728
19,28,13158
20,28,22910
21,28,32914
22,28,45590
23,28,82338
24,28,62770
25,28,80666
26,28,107004
27,28,170752
28,28,665014
29,28,203016
30,28,35214
31,28,25518
32,28,22268
33,28,23550
34,28,11798
35,28,12248
36,28,11878
37,28,11960
38,28,10112
39,28,9290
40,28,11186
41,28,12756
42,28,10524
43,28,10244
44,28,9362
45,28,9188
46,28,11734
47,28,8120
48,28,5062
49,28,4806
50,28,5942
51,28,3832
52,28,2554
53,28,2792
54,28,2876
55,28,2352
56,28,2880
57,28,1592
58,28,2010
59,28,2058
60,28,3158
61,28,4712
62,28,7674
63,28,8288
64,28,8250
65,28,9252
66,28,7322
67,28,7376
68,28,7456
69,28,8344
70,28,7894
71,28,8972
72,28,7470
73,28,5596
74,28,5326
75,28,3540
76,28,3176
77,28,3796
78,28,4450
79,28,3958
80,28,5042
81,28,6732
82,28,7176
83,28,5254
84,28,4546
85,28,4618
86,28,1852
87,28,1428
88,28,1562
89,28,876
90,28,1090
0,29,86
2,29,876
3,29,3788
4,29,16720
5,29,14342
6,29,10590
7,29,9598
8,29,17512
9,29,12548
10,29,9294
11,29,8534
12,29,11692
13,29,11802
14,29,21202
15,29,19454
16,29,16656
17,29,15252
18,29,20408
19,29,22142
20,29,24276
21,29,21818
22,29,32974
23,29,71440
24,29,32770
25,29,35540
26,29,44252
27,29,43298
28,29,203016
29,29,878228
30,29,180504
31,29,62142
32,29,45716
33,29,57478
34,29,28314
35,29,22674
36,29,21816
37,29,19898
38,29,18418
39,29,17394
40,29,15876
41,29,18244
42,29,18228
43,29,16264
44,29,16264
45,29,17372
46,29,14158
47,29,14436
48,29,9784
49,29,8538
50,29,8694
51,29,7008
52,29,4608
53,29,4820
54,29,4522
55,29,4104
56,29,4422
57,29,3512
58,29,3758
59,29,4344
60,29,5378
61,29,8878
62,29,10202
63,29,9982
64,29,11676
65,29,14990
66,29,9128
67,29,8218
68,29,7474
69,29,8230
70,29,7770
71,29,10512
72,29,11126
73,29,9718
74,29,8018
75,29,6730
76,29,5906
77,29,6464
78,29,6582
79,29,6916
80,29,8414
81,29,7110
82,29,6364
83,29,7602
84,29,7168
85,29,5618
86,29,4082
87,29,3132
88,29,2334
89,29,1642
90,29,1762
0,30,70
2,30,770
3,30,3014
4,30,8410
5,30,7544
6,30,5630
7,30,5480
8,30,7920
9,30,9482
10,30,8410
11,30,7728
12,30,9692
13,30,10098
14,30,10934
15,30,9408
16,30,11230
17,30,11442
18,30,8900
19,30,8896
20,30,14896
21,30,15446
22,30,17790
23,30,17682
24,30,15752
25,30,17046
26,30,17268
27,30,20380
28,30,35214
29,30,180504
30,30,571206
31,30,171646
32,30,72546
33,30,60118
34,30,16930
35,30,18540
36,30,15842
37,30,15822
38,30,12222
39,30,10044
40,30,14300
41,30,14306
42,30,9914
43,30,11402
44,30,10754
45,30,10630
46,30,13912
47,30,8770
48,30,5040
49,30,4846
50,30,6204
51,30,3788
52,30,2478
53,30,2788
54,30,2442
55,30,2182
56,30,2804
57,30,1354
58,30,1766
59,30,1944
60,30,3200
61,30,4336
62,30,8486
63,30,9400
64,30,9386
65,30,9776
66,30,8780
67,30,8328
68,30,7510
69,30,7266
70,30,7710
71,30,8456
72,30,8150
73,30,5312
74,30,5034
75,30,3256
76,30,2930
77,30,3480
78,30,4412
79,30,3684
80,30,4406
81,30,5250
82,30,5150
83,30,4524
84,30,4004
85,30,3736
86,30,1720
87,30,1302
88,30,1438
89,30,704
90,30,968
0,31,62
2,31,848
3,31,3148
4,31,7628
5,31,6956
6,31,5052
7,31,5070
8,31,7272
9,31,9794
10,31,8946
11,31,7660
12,31,9424
13,31,9998
14,31,10244
15,31,8422
16,31,10544
17,31,11188
18,31,8422
19,31,7808
20,31,14074
21,31,14516
22,31,16208
23,31,13254
24,31,13440
25,31,14406
26,31,14896
27,31,17062
28,31,25518
29,31,62142
30,31,171646
31,31,598818
32,31,186498
33,31,91608
34,31,20430
35,31,22092
36,31,18592
37,31,17454
38,31,13902
39,31,10682
40,31,15266
41,31,15630
42,31,10498
43,31,11514
44,31,10574
45,31,10668
46,31,14298
47,31,8586
48,31,5120
49,31,4976
50,31,6224
51,31,3798
52,31,2404
53,31,2910
54,31,2698
55,31,2234
56,31,2938
57,31,1422
58,31,1902
59,31,2006
60,31,3392
61,31,4430
62,31,9362
63,31,10192
64,31,9672
65,31,9858
66,31,9338
67,31,8560
68,31,8266
69,31,8094
70,31,8066
71,31,9208
72,31,8010
73,31,5596
74,31,5172
75,31,3238
76,31,3044
77,31,3686
78,31,4666
79,31,3688
80,31,4468
81,31,5424
82,31,5858
83,31,5068
84,31,4290
85,31,4152
86,31,1662
87,31,1276
88,31,1522
89,31,760
90,31,864
0,32,66
2,32,886
3,32,3342
4,32,7720
5,32,6682
6,32,4762
7,32,4742
8,32,7374
9,32,10360
10,32,8742
11,32,8276
12,32,9612
13,32,10072
14,32,9732
15,32,8554
16,32,10276
17,32,11200
18,32,7938
19,32,7402
20,32,13936
21,32,14960
22,32,15848
23,32,13134
24,32,13236
25,32,13380
26,32,13490
27,32,14842
28,32,22268
29,32,45716
30,32,72546
31,32,186498
32,32,608562
33,32,164572
34,32,25448
35,32,26866
36,32,21188
37,32,19508
38,32,14838
39,32,10620
40,32,16060
41,32,16804
42,32,10660
43,32,11542
44,32,10600
45,32,10372
46,32,14664
47,32,8460
48,32,4922
49,32,4664
50,32,5974
51,32,3762
52,32,2594
53,32,2712
54,32,2868
55,32,2302
56,32,2970
57,32,1444
58,32,1958
59,32,1938
60,32,3430
61,32,4446
62,32,9186
63,32,10706
64,32,10028
65,32,9960
66,32,9266
67,32,8960
68,32,8614
69,32,8458
70,32,8594
71,32,9696
72,32,8262
73,32,5430
74,32,5372
75,32,3102
76,32,2800
77,32,3462
78,32,4770
79,32,3676
80,32,4266
81,32,6136
82,32,6338
83,32,4888
84,32,4198
85,32,4362
86,32,1532
87,32,1264
88,32,1452
89,32,684
90,32,828
0,33,42
2,33,640
3,33,2422
4,33,15110
5,33,15736
6,33,13578
7,33,12078
8,33,17484
9,33,8460
10,33,5474
11,33,4864
12,33,7082
13,33,8074
14,33,15886
15,33,18354
16,33,13800
17,33,12594
18,33,20692
19,33,21442
20,33,16942
21,33,11116
22,33,15882
23,33,25572
24,33,11516
25,33,11564
26,33,12248
27,33,11450
28,33,23550
29,33,57478
30,33,60118
31,33,91608
32,33,164572
33,33,1189296
34,33,468598
35,33,78420
36,33,51666
37,33,36558
38,33,37100
39,33,33030
40,33,22294
41,33,23708
42,33,26454
43,33,20650
44,33,19562
45,33,21718
46,33,13662
47,33,18336
48,33,16310
49,33,12258
50,33,9540
51,33,10532
52,33,8224
53,33,8400
54,33,7266
55,33,6712
56,33,6608
57,33,8268
58,33,7512
59,33,8806
60,33,9752
61,33,16178
62,33,13548
63,33,9764
64,33,12092
65,33,15998
66,33,8580
67,33,7498
68,33,6492
69,33,7082
70,33,6410
71,33,9832
72,33,12806
73,33,13950
74,33,11204
75,33,11300
76,33,10022
77,33,10046
78,33,8766
79,33,11024
80,33,10470
81,33,6726
82,33,5694
83,33,9246
84,33,10160
85,33,7564
86,33,8462
87,33,6158
88,33,3828
89,33,3102
90,33,2892
0,34,20
2,34,214
3,34,978
4,34,12140
5,34,14506
6,34,16478
7,34,14074
8,34,16890
9,34,4416
10,34,2576
11,34,2192
12,34,3306
13,34,4104
14,34,13274
15,34,18178
16,34,9766
17,34,7850
18,34,22060
19,34,24590
20,34,10048
21,34,5084
22,34,7268
23,34,20234
24,34,6056
25,34,5830
26,34,7576
27,34,5208
28,34,11798
29,34,28314
30,34,16930
31,34,20430
32,34,25448
33,34,468598
34,34,1757014
35,34,289956
36,34,93730
37,34,46542
38,34,56114
39,34,43764
40,34,17666
41,34,18424
42,34,29350
43,34,19960
44,34,18392
45,34,21622
46,34,6892
47,34,20590
48,34,24636
49,34,17160
50,34,10886
51,34,16328
52,34,14014
53,34,13574
54,34,11232
55,34,10524
56,34,10344
57,34,14148
58,34,13422
59,34,16610
60,34,15372
61,34,22688
62,34,9810
63,34,5674
64,34,8174
65,34,11478
66,34,4376
67,34,4422
68,34,3400
69,34,3868
70,34,3054
71,34,5394
72,34,9630
73,34,16574
74,34,13220
75,34,16846
76,34,15624
77,34,12926
78,34,8838
79,34,13606
80,34,11340
81,34,4786
82,34,3356
83,34,9022
84,34,10784
85,34,6826
86,34,13764
87,34,10180
88,34,5256
89,34,4588
90,34,4586
0,35,36
2,35,422
3,35,1700
4,35,11064
5,35,13726
6,35,12102
7,35,12060
8,35,13318
9,35,6194
10,35,4180
11,35,3294
12,35,5104
13,35,5884
14,35,10916
15,35,13026
16,35,10624
17,35,9936
18,35,14554
19,35,15316
20,35,12390
21,35,7226
22,35,10168
23,35,15248
24,35,7374
25,35,7532
26,35,8042
27,35,6992
28,35,12248
29,35,22674
30,35,18540
31,35,22092
32,35,26866
33,35,78420
34,35,289956
35,35,1394202
36,35,303114
37,35,88256
38,35,68048
39,35,37992
40,35,28502
41,35,26182
42,35,24496
43,35,20994
44,35,17508
45,35,18580
46,35,11932
47,35,15970
48,35,18138
49,35,15628
50,35,12756
51,35,13014
52,35,10582
53,35,12224
54,35,10522
55,35,9152
56,35,10320
57,35,7670
58,35,10328
59,35,10918
60,35,15542
61,35,17692
62,35,14802
63,35,8724
64,35,10634
65,35,12754
66,35,6948
67,35,6364
68,35,5678
69,35,6046
70,35,5140
71,35,8002
72,35,12070
73,35,13362
74,35,14122
75,35,12362
76,35,11906
77,35,12100
78,35,11426
79,35,12046
80,35,10894
81,35,5990
82,35,5006
83,35,9582
84,35,10176
85,35,7778
86,35,7982
87,35,6812
88,35,5746
89,35,3198
90,35,3768
0,36,44
2,36,428
3,36,1830
4,36,11292
5,36,12994
6,36,10942
7,36,10918
8,36,12858
9,36,6218
10,36,3956
11,36,3462
12,36,5008
13,36,5620
14,36,11332
15,36,13336
16,36,9664
17,36,8834
18,36,14368
19,36,14850
20,36,11380
21,36,7282
22,36,9712
23,36,16296
24,36,7466
25,36,7346
26,36,8618
27,36,6948
28,36,11878
29,36,21816
30,36,15842
31,36,18592
32,36,21188
33,36,51666
34,36,93730
35,36,303114
36,36,1243114
37,36,359982
38,36,135990
39,36,51312
40,36,32278
41,36,29224
42,36,27878
43,36,21484
44,36,17838
45,36,18924
46,36,11968
47,36,16750
48,36,17544
49,36,15028
50,36,13236
51,36,13692
52,36,10246
53,36,11724
54,36,10292
55,36,8762
56,36,10052
57,36,8108
58,36,10082
59,36,10492
60,36,13532
61,36,16552
62,36,12732
63,36,8486
64,36,10352
65,36,12992
66,36,6982
67,36,6576
68,36,5908
69,36,6428
70,36,5384
71,36,7906
72,36,11076
73,36,12014
74,36,12216
75,36,11790
76,36,11270
77,36,10918
78,36,10072
79,36,10394
80,36,9822
81,36,5962
82,36,5216
83,36,8702
84,36,9646
85,36,7342
86,36,8064
87,36,6764
88,36,5140
89,36,3244
90,36,3468
0,37,30
2,37,420
3,37,1982
4,37,10232
5,37,11022
6,37,9804
7,37,9324
8,37,11148
9,37,6324
10,37,4586
11,37,3974
12,37,5260
13,37,6150
14,37,10398
15,37,11380
16,37,10054
17,37,9442
18,37,11946
19,37,12280
20,37,11618
21,37,7884
22,37,10196
23,37,14618
24,37,7928
25,37,7836
26,37,8460
27,37,7116
28,37,11960
29,37,19898
30,37,15822
31,37,17454
32,37,19508
33,37,36558
34,37,46542
35,37,88256
36,37,359982
37,37,1190490
38,37,410044
39,37,61582
40,37,47024
41,37,37700
42,37,27996
43,37,22988
44,37,18960
45,37,19342
46,37,15206
47,37,16646
48,37,15456
49,37,15000
50,37,14376
51,37,11972
52,37,9792
53,37,10898
54,37,9670
55,37,8370
56,37,9926
57,37,6548
58,37,8218
59,37,8912
60,37,12522
61,37,13852
62,37,14234
63,37,9806
64,37,10958
65,37,12960
66,37,8022
67,37,7436
68,37,6584
69,37,7202
70,37,6318
71,37,8862
72,37,11502
73,37,11326
74,37,11400
75,37,9696
76,37,9466
77,37,10152
78,37,10754
79,37,9912
80,37,9328
81,37,6492
82,37,5734
83,37,8282
84,37,9086
85,37,7764
86,37,6082
87,37,5466
88,37,4924
89,37,2668
90,37,3170
0,38,20
2,38,368
3,38,1430
4,38,10972
5,38,13540
6,38,12222
7,38,12384
8,38,13358
9,38,5416
10,38,3252
11,38,2914
12,38,4248
13,38,4896
14,38,11224
15,38,13658
16,38,9582
17,38,8562
18,38,15868
19,38,17036
20,38,10374
21,38,5970
22,38,8606
23,38,14628
24,38,6356
25,38,6276
26,38,6926
27,38,5972
28,38,10112
29,38,18418
30,38,12222
31,38,13902
32,38,14838
33,38,37100
34,38,56114
35,38,68048
36,38,135990
37,38,410044
38,38,1412804
39,38,265378
40,38,69658
41,38,50704
42,38,44866
43,38,30238
44,38,24168
45,38,26704
46,38,13738
47,38,22270
48,38,25650
49,38,19760
50,38,15192
51,38,17790
52,38,13844
53,38,15208
54,38,12454
55,38,11648
56,38,11902
57,38,11694
58,38,13682
59,38,14452
60,38,17154
61,38,22004
62,38,14530
63,38,9078
64,38,10480
65,38,13154
66,38,6812
67,38,6150
68,38,5496
69,38,6116
70,38,5036
71,38,7850
72,38,12006
73,38,15358
74,38,15006
75,38,14942
76,38,14086
77,38,12696
78,38,11262
79,38,13516
80,38,11444
81,38,6054
82,38,5114
83,38,10328
84,38,12240
85,38,8888
86,38,11392
87,38,9004
88,38,6174
89,38,4310
90,38,4354
0,39,48
2,39,356
3,39,1360
4,39,11498
5,39,14070
6,39,13068
7,39,11570
8,39,14528
9,39,4814
10,39,2926
11,39,2424
12,39,3772
13,39,4194
14,39,11510
15,39,14246
16,39,8622
17,39,7716
18,39,16644
19,39,17676
20,39,9898
21,39,5142
22,39,7462
23,39,16028
24,39,5818
25,39,5498
26,39,6418
27,39,4978
28,39,9290
29,39,17394
30,39,10044
31,39,10682
32,39,10620
33,39,33030
34,39,43764
35,39,37992
36,39,51312
37,39,61582
38,39,265378
39,39,1524312
40,39,395038
41,39,133486
42,39,81970
43,39,41392
44,39,29658
45,39,32370
46,39,14362
47,39,26956
48,39,27566
49,39,20912
50,39,14946
51,39,18112
52,39,14338
53,39,14464
54,39,12174
55,39,11428
56,39,11594
57,39,12948
58,39,12954
59,39,15100
60,39,16026
61,39,22608
62,39,14070
63,39,7976
64,39,10384
65,39,13506
66,39,6284
67,39,5880
68,39,4960
69,39,5522
70,39,4756
71,39,7440
72,39,11582
73,39,16400
74,39,14316
75,39,14980
76,39,13984
77,39,12708
78,39,10334
79,39,13706
80,39,12022
81,39,6330
82,39,4850
83,39,10548
84,39,12070
85,39,8966
86,39,12088
87,39,8954
88,39,5852
89,39,4158
90,39,4114
0,40,44
2,40,480
3,40,2134
4,40,8676
5,40,10590
6,40,7538
7,40,8080
8,40,9186
9,40,6986
10,40,4886
11,40,4362
12,40,5604
13,40,6246
14,40,8582
15,40,8880
16,40,9196
17,40,9904
18,40,9568
19,40,9064
20,40,12582
21,40,8378
22,40,10864
23,40,10854
24,40,7794
25,40,7814
26,40,7368
27,40,7430
28,40,11186
29,40,15876
30,40,14300
31,40,15266
32,40,16060
33,40,22294
34,40,17666
35,40,28502
36,40,32278
37,40,47024
38,40,69658
39,40,395038
40,40,993386
41,40,345758
42,40,81926
43,40,43798
44,40,27108
45,40,24628
46,40,26218
47,40,20852
48,40,16590
49,40,13828
50,40,14370
51,40,10656
52,40,7770
53,40,9856
54,40,8804
55,40,6626
56,40,8600
57,40,4652
58,40,7692
59,40,6530
60,40,12282
61,40,13706
62,40,19884
63,40,13108
64,40,12424
65,40,14430
66,40,10218
67,40,8970
68,40,8578
69,40,8834
70,40,8230
71,40,11036
72,40,13546
73,40,9772
74,40,12176
75,40,7742
76,40,7476
77,40,8684
78,40,11902
79,40,9346
80,40,9820
81,40,7374
82,40,6800
83,40,9758
84,40,10018
85,40,9106
86,40,4572
87,40,4168
88,40,5062
89,40,1910
90,40,2508
0,41,48
2,41,694
3,41,2460
4,41,10488
5,41,10892
6,41,7972
7,41,8118
8,41,10620
9,41,7952
10,41,5316
11,41,4716
12,41,6260
13,41,7050
14,41,10070
15,41,10200
16,41,9966
17,41,10572
18,41,11006
19,41,10318
20,41,13722
21,41,9534
22,41,12456
23,41,14140
24,41,8988
25,41,8982
26,41,8724
27,41,8290
28,41,12756
29,41,18244
30,41,14306
31,41,15630
32,41,16804
33,41,23708
34,41,18424
35,41,26182
36,41,29224
37,41,37700
38,41,50704
39,41,133486
40,41,345758
41,41,1038288
42,41,232868
43,41,75918
44,41,40662
45,41,33598
46,41,33404
47,41,25788
48,41,18586
49,41,15962
50,41,15740
51,41,11576
52,41,8558
53,41,10322
54,41,9290
55,41,7374
56,41,9518
57,41,5342
58,41,7516
59,41,7258
60,41,11366
61,41,14128
62,41,19060
63,41,14028
64,41,14022
65,41,16468
66,41,11364
67,41,10856
68,41,9500
69,41,10138
70,41,9090
71,41,12308
72,41,13774
73,41,10506
74,41,11978
75,41,8080
76,41,7982
77,41,9058
78,41,10926
79,41,9434
80,41,9928
81,41,8394
82,41,7936
83,41,9684
84,41,9608
85,41,8922
86,41,5080
87,41,4342
88,41,4600
89,41,2148
90,41,2618
0,42,26
2,42,340
3,42,1488
4,42,11070
5,42,12896
6,42,10602
7,42,9808
8,42,13634
9,42,5200
10,42,3348
11,42,2952
12,42,4042
13,42,4848
14,42,11562
15,42,13938
16,42,8654
17,42,7780
18,42,16038
19,42,16590
20,42,10584
21,42,5978
22,42,8444
23,42,18076
24,42,6666
25,42,6266
26,42,7728
27,42,5806
28,42,10524
29,42,18228
30,42,9914
31,42,10498
32,42,10660
33,42,26454
34,42,29350
35,42,24496
36,42,27878
37,42,27996
38,42,44866
39,42,81970
40,42,81926
41,42,232868
42,42,1353520
43,42,407160
44,42,90148
45,42,65664
46,42,28762
47,42,41804
48,42,35114
49,42,23658
50,42,18062
51,42,19376
52,42,14820
53,42,14186
54,42,12580
55,42,11406
56,42,11926
57,42,11440
58,42,11724
59,42,13374
60,42,14622
61,42,21758
62,42,15622
63,42,9778
64,42,11914
65,42,15978
66,42,7912
67,42,7312
68,42,6450
69,42,7274
70,42,6072
71,42,8908
72,42,12762
73,42,15356
74,42,13632
75,42,13610
76,42,12254
77,42,11872
78,42,9730
79,42,12194
80,42,11762
81,42,6674
82,42,5148
83,42,10434
84,42,11120
85,42,8068
86,42,10204
87,42,7488
88,42,4960
89,42,3486
90,42,3730
0,43,40
2,43,382
3,43,1462
4,43,8590
5,43,9954
6,43,8720
7,43,7878
8,43,10192
9,43,5342
10,43,3742
11,43,3332
12,43,4580
13,43,5292
14,43,9886
15,43,10728
16,43,8578
17,43,7988
18,43,11522
19,43,12546
20,43,10778
21,43,6800
22,43,9410
23,43,13724
24,43,7130
25,43,7078
26,43,7968
27,43,6212
28,43,10244
29,43,16264
30,43,11402
31,43,11514
32,43,11542
33,43,20650
34,43,19960
35,43,20994
36,43,21484
37,43,22988
38,43,30238
39,43,41392
40,43,43798
41,43,75918
42,43,407160
43,43,1204514
44,43,309350
45,43,113008
46,43,52284
47,43,48156
48,43,32610
49,43,22012
50,43,17912
51,43,16616
52,43,11976
53,43,12572
54,43,11136
55,43,9344
56,43,10552
57,43,7912
58,43,9430
59,43,10078
60,43,13672
61,43,17444
62,43,16864
63,43,11354
64,43,13396
65,43,16500
66,43,9892
67,43,9196
68,43,7814
69,43,8332
70,43,7786
71,43,10366
72,43,13194
73,43,13142
74,43,12118
75,43,9936
76,43,9536
77,43,9962
78,43,9490
79,43,10146
80,43,9922
81,43,6352
82,43,5278
83,43,8994
84,43,9258
85,43,7126
86,43,6684
87,43,5420
88,43,4450
89,43,2592
90,43,3102
0,44,32
2,44,346
3,44,1404
4,44,8614
5,44,8894
6,44,8574
7,44,7596
8,44,10508
9,44,4752
10,44,3434
11,44,2976
12,44,4346
13,44,4820
14,44,9886
15,44,10858
16,44,8326
17,44,7140
18,44,11520
19,44,12726
20,44,10122
21,44,6182
22,44,8188
23,44,14304
24,44,6650
25,44,6548
26,44,7468
27,44,6054
28,44,9362
29,44,16264
30,44,10754
31,44,10574
32,44,10600
33,44,19562
34,44,18392
35,44,17508
36,44,17838
37,44,18960
38,44,24168
39,44,29658
40,44,27108
41,44,40662
42,44,90148
43,44,309350
44,44,1227846
45,44,441624
46,44,78966
47,44,72320
48,44,40638
49,44,24092
50,44,19132
51,44,17448
52,44,12428
53,44,11938
54,44,10520
55,44,8868
56,44,10146
57,44,7922
58,44,9178
59,44,10342
60,44,12276
61,44,16786
62,44,14874
63,44,10322
64,44,12760
65,44,16230
66,44,9480
67,44,9066
68,44,7620
69,44,8454
70,44,7072
71,44,9644
72,44,12546
73,44,12340
74,44,10472
75,44,9620
76,44,9156
77,44,9196
78,44,8450
79,44,9470
80,44,9368
81,44,5718
82,44,5098
83,44,8006
84,44,8436
85,44,6524
86,44,6538
87,44,5222
88,44,3974
89,44,2788
90,44,3156
0,45,24
2,45,284
3,45,1216
4,45,9590
5,45,9814
6,45,10102
7,45,8274
8,45,11960
9,45,4838
10,45,3040
11,45,2602
12,45,4296
13,45,4954
14,45,11070
15,45,12750
16,45,9052
17,45,8012
18,45,13626
19,45,15384
20,45,10922
21,45,6020
22,45,7902
23,45,15446
24,45,6244
25,45,6226
26,45,7440
27,45,5528
28,45,9188
29,45,17372
30,45,10630
31,45,10668
32,45,10372
33,45,21718
34,45,21622
35,45,18580
36,45,18924
37,45,19342
38,45,26704
39,45,32370
40,45,24628
41,45,33598
42,45,65664
43,45,113008
44,45,441624
45,45,1702176
46,45,248488
47,45,164590
48,45,75442
49,45,35440
50,45,22428
51,45,21794
52,45,15976
53,45,15038
54,45,12440
55,45,10962
56,45,11668
57,45,10468
58,45,11132
59,45,13752
60,45,15464
61,45,23036
62,45,17668
63,45,11310
64,45,15308
65,45,19498
66,45,9596
67,45,9126
68,45,7574
69,45,8456
70,45,7000
71,45,10228
72,45,13992
73,45,15946
74,45,12286
75,45,12002
76,45,11252
77,45,11218
78,45,9672
79,45,12350
80,45,11960
81,45,6948
82,45,5452
83,45,10346
84,45,10896
85,45,7426
86,45,7964
87,45,6050
88,45,4614
89,45,3262
90,45,3848
0,46,64
2,46,766
3,46,2572
4,46,6176
5,46,5922
6,46,3920
7,46,4248
8,46,5844
9,46,7994
10,46,6428
11,46,5850
12,46,7018
13,46,8238
14,46,7678
15,46,6710
16,46,8912
17,46,9816
18,46,6572
19,46,5746
20,46,12110
21,46,11544
22,46,12472
23,46,9044
24,46,8948
25,46,9076
26,46,8554
27,46,8886
28,46,11734
29,46,14158
30,46,13912
31,46,14298
32,46,14664
33,46,13662
34,46,6892
35,46,11932
36,46,11968
37,46,15206
38,46,13738
39,46,14362
40,46,26218
41,46,33404
42,46,28762
43,46,52284
44,46,78966
45,46,248488
46,46,793362
47,46,228952
48,46,44292
49,46,22120
50,46,23970
51,46,12272
52,46,7056
53,46,8480
54,46,7954
55,46,6036
56,46,8182
57,46,3588
58,46,5188
59,46,4832
60,46,8702
61,46,10042
62,46,20196
63,46,18312
64,46,16480
65,46,16986
66,46,14132
67,46,13008
68,46,12542
69,46,12794
70,46,12290
71,46,14486
72,46,12514
73,46,7262
74,46,7978
75,46,4680
76,46,4504
77,46,5976
78,46,8740
79,46,6262
80,46,7090
81,46,9732
82,46,10186
83,46,8328
84,46,7212
85,46,7758
86,46,2366
87,46,2342
88,46,3266
89,46,1172
90,46,1540
0,47,24
2,47,328
3,47,1180
4,47,7962
5,47,8878
6,47,8904
7,47,7594
8,47,10208
9,47,4300
10,47,3142
11,47,2568
12,47,3622
13,47,4310
14,47,9502
15,47,11766
16,47,8516
17,47,7232
18,47,13270
19,47,14328
20,47,9668
21,47,5548
22,47,7242
23,47,13324
24,47,5568
25,47,5492
26,47,6220
27,47,4766
28,47,8120
29,47,14436
30,47,8770
31,47,8586
32,47,8460
33,47,18336
34,47,20590
35,47,15970
36,47,16750
37,47,16646
38,47,22270
39,47,26956
40,47,20852
41,47,25788
42,47,41804
43,47,48156
44,47,72320
45,47,164590
46,47,228952
47,47,1412436
48,47,469838
49,47,63554
50,47,34992
51,47,33036
52,47,20660
53,47,19078
54,47,15082
55,47,13424
56,47,13656
57,47,13680
58,47,13748
59,47,15646
60,47,16780
61,47,24242
62,47,17438
63,47,11552
64,47,13886
65,47,16920
66,47,8766
67,47,7710
68,47,6790
69,47,7338
70,47,6500
71,47,9794
72,47,13076
73,47,15826
74,47,12528
75,47,12464
76,47,12116
77,47,11308
78,47,9632
79,47,12348
80,47,11854
81,47,6894
82,47,5470
83,47,10342
84,47,11020
85,47,8318
86,47,10136
87,47,7634
88,47,4926
89,47,3768
90,47,3944
0,48,24
2,48,188
3,48,736
4,48,7386
5,48,10412
6,48,10786
7,48,11776
8,48,10308
9,48,2728
10,48,1658
11,48,1446
12,48,2190
13,48,2728
14,48,7834
15,48,11662
16,48,6526
17,48,5688
18,48,14380
19,48,15100
20,48,6630
21,48,2990
22,48,4460
23,48,10264
24,48,3344
25,48,3420
26,48,3792
27,48,2698
28,48,5062
29,48,9784
30,48,5040
31,48,5120
32,48,4922
33,48,16310
34,48,24636
35,48,18138
36,48,17544
37,48,15456
38,48,25650
39,48,27566
40,48,16590
41,48,18586
42,48,35114
43,48,32610
44,48,40638
45,48,75442
46,48,44292
47,48,469838
48,48,1770824
49,48,295472
50,48,87580
51,48,73920
52,48,37794
53,48,40524
54,48,27722
55,48,20412
56,48,22506
57,48,23346
58,48,28986
59,48,27694
60,48,31930
61,48,36428
62,48,17360
63,48,8074
64,48,10074
65,48,12456
66,48,5384
67,48,4964
68,48,4198
69,48,4404
70,48,3732
71,48,5892
72,48,11396
73,48,17204
74,48,18258
75,48,19424
76,48,19252
77,48,16590
78,48,13560
79,48,17484
80,48,14440
81,48,5664
82,48,4342
83,48,12694
84,48,14474
85,48,9738
86,48,16336
87,48,13398
88,48,9024
89,48,6554
90,48,6164
0,49,24
2,49,214
3,49,756
4,49,6616
5,49,7544
6,49,8828
7,49,8250
8,49,8368
9,49,2760
10,49,1850
11,49,1496
12,49,2462
13,49,3156
14,49,6942
15,49,9298
16,49,6460
17,49,5766
18,49,10416
19,49,11952
20,49,6462
21,49,3140
22,49,4368
23,49,8828
24,49,3452
25,49,3326
26,49,3922
27,49,2720
28,49,4806
29,49,8538
30,49,4846
31,49,4976
32,49,4664
33,49,12258
34,49,17160
35,49,15628
36,49,15028
37,49,15000
38,49,19760
39,49,20912
40,49,13828
41,49,15962
42,49,23658
43,49,22012
44,49,24092
45,49,35440
46,49,22120
47,49,63554
48,49,295472
49,49,1823808
50,49,285944
51,49,117498
52,49,47708
53,49,42068
54,49,30896
55,49,22672
56,49,24240
57,49,19482
58,49,22742
59,49,24954
60,49,27502
61,49,28812
62,49,15834
63,49,8106
64,49,9822
65,49,11562
66,49,5596
67,49,5186
68,49,4260
69,49,4818
70,49,3946
71,49,5914
72,49,9914
73,49,14580
74,49,13756
75,49,14908
76,49,16146
77,49,14856
78,49,12832
79,49,15062
80,49,11730
81,49,5982
82,49,4874
83,49,10052
84,49,11726
85,49,8202
86,49,11248
87,49,9894
88,49,8046
89,49,5336
90,49,5252
0,50,28
2,50,326
3,50,1262
4,50,5438
5,50,5764
6,50,5680
7,50,5772
8,50,6038
9,50,3804
10,50,2672
11,50,2456
12,50,3510
13,50,3960
14,50,6552
15,50,8644
16,50,7014
17,50,6484
18,50,8256
19,50,8496
20,50,7262
21,50,4718
22,50,5614
23,50,8996
24,50,4424
25,50,4384
26,50,6046
27,50,4214
28,50,5942
29,50,8694
30,50,6204
31,50,6224
32,50,5974
33,50,9540
34,50,10886
35,50,12756
36,50,13236
37,50,14376
38,50,15192
39,50,14946
40,50,14370
41,50,15740
42,50,18062
43,50,17912
44,50,19132
45,50,22428
46,50,23970
47,50,34992
48,50,87580
49,50,285944
50,50,1228802
51,50,437932
52,50,56238
53,50,44622
54,50,34140
55,50,22656
56,50,25162
57,50,12908
58,50,17090
59,50,16754
60,50,22870
61,50,20750
62,50,18584
63,50,10722
64,50,11654
65,50,11924
66,50,7136
67,50,6724
68,50,6124
69,50,6730
70,50,5424
71,50,7442
72,50,10070
73,50,10904
74,50,11702
75,50,10046
76,50,10780
77,50,11584
78,50,12358
79,50,10854
80,50,9814
81,50,7462
82,50,6512
83,50,8686
84,50,9338
85,50,8522
86,50,6564
87,50,6194
88,50,6704
89,50,3232
90,50,3720
0,51,10
2,51,158
3,51,630
4,51,5558
5,51,7374
6,51,8186
7,51,8328
8,51,7292
9,51,2158
10,51,1450
11,51,1182
12,51,1994
13,51,2436
14,51,6422
15,51,9504
16,51,5526
17,51,4674
18,51,10608
19,51,11952
20,51,4874
21,51,2486
22,51,3386
23,51,7682
24,51,2628
25,51,2552
26,51,3234
27,51,2222
28,51,3832
29,51,7008
30,51,3788
31,51,3798
32,51,3762
33,51,10532
34,51,16328
35,51,13014
36,51,13692
37,51,11972
38,51,17790
39,51,18112
40,51,10656
41,51,11576
42,51,19376
43,51,16616
44,51,17448
45,51,21794
46,51,12272
47,51,33036
48,51,73920
49,51,117498
50,51,437932
51,51,1671684
52,51,512330
53,51,166052
54,51,61396
55,51,35680
56,51,34080
57,51,30508
58,51,35030
59,51,32564
60,51,30738
61,51,32446
62,51,14034
63,51,7220
64,51,8678
65,51,9950
66,51,4526
67,51,4148
68,51,3536
69,51,3942
70,51,3260
71,51,4762
72,51,8178
73,51,12778
74,51,13126
75,51,15524
76,51,16160
77,51,14304
78,51,11116
79,51,13628
80,51,11002
81,51,5146
82,51,4120
83,51,9442
84,51,10900
85,51,7688
86,51,13320
87,51,12210
88,51,8268
89,51,6010
90,51,6042
0,52,2
2,52,142
3,52,410
4,52,4282
5,52,5538
6,52,8298
7,52,6840
8,52,6012
9,52,1562
10,52,960
11,52,776
12,52,1390
13,52,1604
14,52,4456
15,52,6764
16,52,4028
17,52,3416
18,52,8230
19,52,9234
20,52,3180
21,52,1640
22,52,2154
23,52,5384
24,52,1750
25,52,1680
26,52,2234
27,52,1466
28,52,2554
29,52,4608
30,52,2478
31,52,2404
32,52,2594
33,52,8224
34,52,14014
35,52,10582
36,52,10246
37,52,9792
38,52,13844
39,52,14338
40,52,7770
41,52,8558
42,52,14820
43,52,11976
44,52,12428
45,52,15976
46,52,7056
47,52,20660
48,52,37794
49,52,47708
50,52,56238
51,52,512330
52,52,2241140
53,52,390416
54,52,82118
55,52,43312
56,52,40358
57,52,34486
58,52,34536
59,52,33534
60,52,29594
61,52,25136
62,52,10032
63,52,5204
64,52,6048
65,52,7198
66,52,3356
67,52,3180
68,52,2640
69,52,2716
70,52,2182
71,52,3366
72,52,5982
73,52,11018
74,52,10154
75,52,14510
76,52,16082
77,52,13420
78,52,9944
79,52,12680
80,52,8910
81,52,4902
82,52,3480
83,52,7066
84,52,9010
85,52,6328
86,52,13416
87,52,12014
88,52,8326
89,52,7120
90,52,6050
0,53,6
2,53,148
3,53,482
4,53,5038
5,53,7490
6,53,8652
7,53,9624
8,53,6782
9,53,1842
10,53,1028
11,53,1002
12,53,1464
13,53,1838
14,53,4448
15,53,6266
16,53,4574
17,53,3848
18,53,8410
19,53,8908
20,53,4024
21,53,1990
22,53,2710
23,53,4986
24,53,1882
25,53,1884
26,53,2032
27,53,1608
28,53,2792
29,53,4820
30,53,2788
31,53,2910
32,53,2712
33,53,8400
34,53,13574
35,53,12224
36,53,11724
37,53,10898
38,53,15208
39,53,14464
40,53,9856
41,53,10322
42,53,14186
43,53,12572
44,53,11938
45,53,15038
46,53,8480
47,53,19078
48,53,40524
49,53,42068
50,53,44622
51,53,166052
52,53,390416
53,53,1907862
54,53,466756
55,53,90792
56,53,79858
57,53,50526
58,53,60590
59,53,42078
60,53,44516
61,53,34178
62,53,15122
63,53,6606
64,53,6944
65,53,8362
66,53,3858
67,53,3510
68,53,3078
69,53,3100
70,53,2550
71,53,3864
72,53,7104
73,53,11050
74,53,14124
75,53,16610
76,53,18258
77,53,15932
78,53,13738
79,53,15258
80,53,11488
81,53,4964
82,53,4204
83,53,10160
84,53,12534
85,53,9118
86,53,14912
87,53,16080
88,53,13592
89,53,8336
90,53,7956
0,54,16
2,54,178
3,54,664
4,54,4404
5,54,6116
6,54,7130
7,54,7522
8,54,5836
9,54,2000
10,54,1276
11,54,1162
12,54,1542
13,54,1832
14,54,4232
15,54,5862
16,54,3834
17,54,3630
18,54,6918
19,54,6964
20,54,3736
21,54,2026
22,54,2798
23,54,4992
24,54,2106
25,54,1994
26,54,2284
27,54,1610
28,54,2876
29,54,4522
30,54,2442
31,54,2698
32,54,2868
33,54,7266
34,54,11232
35,54,10522
36,54,10292
37,54,9670
38,54,12454
39,54,12174
40,54,8804
41,54,9290
42,54,12580
43,54,11136
44,54,10520
45,54,12440
46,54,7954
47,54,15082
48,54,27722
49,54,30896
50,54,34140
51,54,61396
52,54,82118
53,54,466756
54,54,1652948
55,54,285224
56,54,136202
57,54,59552
58,54,52698
59,54,36180
60,54,38128
61,54,27960
62,54,13430
63,54,6598
64,54,7010
65,54,8172
66,54,3986
67,54,3458
68,54,3120
69,54,3240
70,54,2758
71,54,3942
72,54,6474
73,54,9418
74,54,11958
75,54,14086
76,54,15444
77,54,13800
78,54,12074
79,54,12416
80,54,9750
81,54,5312
82,54,4734
83,54,8190
84,54,10128
85,54,8452
86,54,11888
87,54,12356
88,54,10840
89,54,6918
90,54,6226
0,55,22
2,55,140
3,55,456
4,55,3626
5,55,4596
6,55,6206
7,55,5652
8,55,4868
9,55,1622
10,55,1028
11,55,938
12,55,1440
13,55,1584
14,55,3746
15,55,5422
16,55,3540
17,55,3288
18,55,6746
19,55,6950
20,55,3118
21,55,1756
22,55,2162
23,55,4810
24,55,1768
25,55,1656
26,55,2162
27,55,1414
28,55,2352
29,55,4104
30,55,2182
31,55,2234
32,55,2302
33,55,6712
34,55,10524
35,55,9152
36,55,8762
37,55,8370
38,55,11648
39,55,11428
40,55,6626
41,55,7374
42,55,11406
43,55,9344
44,55,8868
45,55,10962
46,55,6036
47,55,13424
48,55,20412
49,55,22672
50,55,22656
51,55,35680
52,55,43312
53,55,90792
54,55,285224
55,55,1787766
56,55,486312
57,55,88390
58,55,51952
59,55,36904
60,55,31636
61,55,24674
62,55,11086
63,55,5672
64,55,6588
65,55,7082
66,55,3608
67,55,3312
68,55,2884
69,55,2984
70,55,2366
71,55,3540
72,55,5568
73,55,9132
74,55,9052
75,55,11428
76,55,13550
77,55,12102
78,55,8948
79,55,10856
80,55,8234
81,55,4974
82,55,4098
83,55,6700
84,55,8282
85,55,6458
86,55,10304
87,55,10258
88,55,8538
89,55,5740
90,55,5694
0,56,18
2,56,204
3,56,658
4,56,4248
5,56,5732
6,56,6632
7,56,6624
8,56,5420
9,56,2208
10,56,1440
11,56,1250
12,56,1758
13,56,2076
14,56,4222
15,56,5790
16,56,4342
17,56,3996
18,56,6858
19,56,6784
20,56,3944
21,56,2344
22,56,2930
23,56,4616
24,56,2020
25,56,2024
26,56,2532
27,56,1908
28,56,2880
29,56,4422
30,56,2804
31,56,2938
32,56,2970
33,56,6608
34,56,10344
35,56,10320
36,56,10052
37,56,9926
38,56,11902
39,56,11594
40,56,8600
41,56,9518
42,56,11926
43,56,10552
44,56,10146
45,56,11668
46,56,8182
47,56,13656
48,56,22506
49,56,24240
50,56,25162
51,56,34080
52,56,40358
53,56,79858
54,56,136202
55,56,486312
56,56,1921338
57,56,303818
58,56,91592
59,56,47560
60,56,45876
61,56,30666
62,56,17176
63,56,8516
64,56,8114
65,56,8734
66,56,4590
67,56,4114
68,56,3610
69,56,3968
70,56,3314
71,56,4544
72,56,7284
73,56,9952
74,56,11724
75,56,13758
76,56,15702
77,56,14094
78,56,13022
79,56,12870
80,56,9638
81,56,6906
82,56,5860
83,56,9118
84,56,10702
85,56,9190
86,56,11870
87,56,12702
88,56,11602
89,56,6976
90,56,6402
0,57,16
2,57,128
3,57,298
4,57,4012
5,57,6376
6,57,8414
7,57,7592
8,57,6290
9,57,986
10,57,542
11,57,534
12,57,836
13,57,1056
14,57,3782
15,57,6070
16,57,2688
17,57,2074
18,57,8696
19,57,9034
20,57,2062
21,57,966
22,57,1336
23,57,4342
24,57,1132
25,57,1046
26,57,1290
27,57,842
28,57,1592
29,57,3512
30,57,1354
31,57,1422
32,57,1444
33,57,8268
34,57,14148
35,57,7670
36,57,8108
37,57,6548
38,57,11694
39,57,12948
40,57,4652
41,57,5342
42,57,11440
43,57,7912
44,57,7922
45,57,10468
46,57,3588
47,57,13680
48,57,23346
49,57,19482
50,57,12908
51,57,30508
52,57,34486
53,57,50526
54,57,59552
55,57,88390
56,57,303818
57,57,2047816
58,57,356084
59,57,89064
60,57,41360
61,57,36666
62,57,8612
63,57,4334
64,57,4832
65,57,5864
66,57,2620
67,57,2296
68,57,2030
69,57,2094
70,57,1790
71,57,2618
72,57,4360
73,57,9374
74,57,9042
75,57,16190
76,57,16686
77,57,13002
78,57,7440
79,57,11386
80,57,7942
81,57,3530
82,57,2668
83,57,6612
84,57,9264
85,57,6980
86,57,20558
87,57,20092
88,57,9842
89,57,10446
90,57,7908
0,58,6
2,58,148
3,58,408
4,58,4134
5,58,7518
6,58,8186
7,58,11064
8,58,6362
9,58,1328
10,58,896
11,58,744
12,58,948
13,58,1420
14,58,3928
15,58,6022
16,58,3272
17,58,2934
18,58,8158
19,58,8752
20,58,2794
21,58,1352
22,58,1922
23,58,4102
24,58,1308
25,58,1330
26,58,1434
27,58,1154
28,58,2010
29,58,3758
30,58,1766
31,58,1902
32,58,1958
33,58,7512
34,58,13422
35,58,10328
36,58,10082
37,58,8218
38,58,13682
39,58,12954
40,58,7692
41,58,7516
42,58,11724
43,58,9430
44,58,9178
45,58,11132
46,58,5188
47,58,13748
48,58,28986
49,58,22742
50,58,17090
51,58,35030
52,58,34536
53,58,60590
54,58,52698
55,58,51952
56,58,91592
57,58,356084
58,58,1879490
59,58,466078
60,58,111164
61,58,61416
62,58,17546
63,58,7420
64,58,7286
65,58,7932
66,58,3822
67,58,3194
68,58,2782
69,58,2734
70,58,2570
71,58,3510
72,58,6522
73,58,11890
74,58,15986
75,58,20902
76,58,22076
77,58,17474
78,58,13482
79,58,15944
80,58,11858
81,58,4824
82,58,3898
83,58,11060
84,58,13666
85,58,10750
86,58,23988
87,58,25162
88,58,17992
89,58,12544
90,58,10250
0,59,20
2,59,122
3,59,406
4,59,4558
5,59,6946
6,59,9496
7,59,9282
8,59,7130
9,59,1312
10,59,802
11,59,670
12,59,1064
13,59,1446
14,59,4520
15,59,6958
16,59,3698
17,59,3024
18,59,8826
19,59,10248
20,59,2724
21,59,1290
22,59,1948
23,59,5006
24,59,1458
25,59,1378
26,59,1626
27,59,1064
28,59,2058
29,59,4344
30,59,1944
31,59,2006
32,59,1938
33,59,8806
34,59,16610
35,59,10918
36,59,10492
37,59,8912
38,59,14452
39,59,15100
40,59,6530
41,59,7258
42,59,13374
43,59,10078
44,59,10342
45,59,13752
46,59,4832
47,59,15646
48,59,27694
49,59,24954
50,59,16754
51,59,32564
52,59,33534
53,59,42078
54,59,36180
55,59,36904
56,59,47560
57,59,89064
58,59,466078
59,59,2106740
60,59,413692
61,59,100260
62,59,20972
63,59,8500
64,59,9242
65,59,9910
66,59,4236
67,59,3674
68,59,2910
69,59,3262
70,59,2730
71,59,3898
72,59,7650
73,59,16502
74,59,16604
75,59,23802
76,59,24082
77,59,19156
78,59,13080
79,59,17478
80,59,12250
81,59,5354
82,59,3922
83,59,10580
84,59,13934
85,59,10012
86,59,24340
87,59,22040
88,59,12504
89,59,10632
90,59,8518
0,60,20
2,60,206
3,60,612
4,60,5904
5,60,9126
6,60,10236
7,60,11598
8,60,7666
9,60,2464
10,60,1408
11,60,1118
12,60,1820
13,60,2258
14,60,5232
15,60,7668
16,60,5334
17,60,5088
18,60,9072
19,60,9444
20,60,4946
21,60,2446
22,60,3200
23,60,5648
24,60,2292
25,60,2242
26,60,2350
27,60,1802
28,60,3158
29,60,5378
30,60,3200
31,60,3392
32,60,3430
33,60,9752
34,60,15372
35,60,15542
36,60,13532
37,60,12522
38,60,17154
39,60,16026
40,60,12282
41,60,11366
42,60,14622
43,60,13672
44,60,12276
45,60,15464
46,60,8702
47,60,16780
48,60,31930
49,60,27502
50,60,22870
51,60,30738
52,60,29594
53,60,44516
54,60,38128
55,60,31636
56,60,45876
57,60,41360
58,60,111164
59,60,413692
60,60,1832376
61,60,486172
62,60,62608
63,60,18192
64,60,16764
65,60,16822
66,60,7392
67,60,6240
68,60,5306
69,60,5562
70,60,4414
71,60,6974
72,60,13988
73,60,21624
74,60,29572
75,60,27570
76,60,29306
77,60,27136
78,60,26450
79,60,26854
80,60,19272
81,60,8780
82,60,7424
83,60,17828
84,60,21602
85,60,16248
86,60,20696
87,60,19702
88,60,19206
89,60,9804
90,60,8630
0,61,32
2,61,248
3,61,834
4,61,8986
5,61,12236
6,61,11788
7,61,12884
8,61,11958
9,61,3156
10,61,1756
11,61,1462
12,61,2234
13,61,2808
14,61,8356
15,61,11852
16,61,7322
17,61,5954
18,61,14554
19,61,15208
20,61,7020
21,61,3172
22,61,4564
23,61,9470
24,61,2930
25,61,2908
26,61,3172
27,61,2348
28,61,4712
29,61,8878
30,61,4336
31,61,4430
32,61,4446
33,61,16178
34,61,22688
35,61,17692
36,61,16552
37,61,13852
38,61,22004
39,61,22608
40,61,13706
41,61,14128
42,61,21758
43,61,17444
44,61,16786
45,61,23036
46,61,10042
47,61,24242
48,61,36428
49,61,28812
50,61,20750
51,61,32446
52,61,25136
53,61,34178
54,61,27960
55,61,24674
56,61,30666
57,61,36666
58,61,61416
59,61,100260
60,61,486172
61,61,1730680
62,61,290124
63,61,36844
64,61,35686
65,61,34374
66,61,11732
67,61,9524
68,61,7868
69,61,8170
70,61,6718
71,61,11566
72,61,22796
73,61,33604
74,61,35654
75,61,32734
76,61,31084
77,61,27518
78,61,24622
79,61,30908
80,61,26672
81,61,10568
82,61,8298
83,61,24362
84,61,28392
85,61,19106
86,61,25682
87,61,19676
88,61,13862
89,61,9280
90,61,8018
0,62,36
2,62,468
3,62,1774
4,62,7500
5,62,8408
6,62,6316
7,62,7294
8,62,7770
9,62,6050
10,62,4148
11,62,3444
12,62,4628
13,62,5376
14,62,7568
15,62,8156
16,62,9240
17,62,9770
18,62,8554
19,62,8134
20,62,11706
21,62,7140
22,62,9042
23,62,7856
24,62,5534
25,62,5390
26,62,5042
27,62,4960
28,62,7674
29,62,10202
30,62,8486
31,62,9362
32,62,9186
33,62,13548
34,62,9810
35,62,14802
36,62,12732
37,62,14234
38,62,14530
39,62,14070
40,62,19884
41,62,19060
42,62,15622
43,62,16864
44,62,14874
45,62,17668
46,62,20196
47,62,17438
48,62,17360
49,62,15834
50,62,18584
51,62,14034
52,62,10032
53,62,15122
54,62,13430
55,62,11086
56,62,17176
57,62,8612
58,62,17546
59,62,20972
60,62,62608
61,62,290124
62,62,1080880
63,62,164774
64,62,103688
65,62,65132
66,62,28038
67,62,20636
68,62,17908
69,62,17676
70,62,16178
71,62,24488
72,62,33480
73,62,25526
74,62,30284
75,62,14884
76,62,14702
77,62,17982
78,62,27258
79,62,21880
80,62,23620
81,62,16620
82,62,15326
83,62,23966
84,62,24586
85,62,19546
86,62,7268
87,62,6160
88,62,8664
89,62,3144
90,62,3634
0,63,58
2,63,594
3,63,2126
4,63,5304
5,63,4898
6,63,3434
7,63,3830
8,63,5106
9,63,6706
10,63,5716
11,63,5046
12,63,5808
13,63,6160
14,63,6438
15,63,5912
16,63,7240
17,63,8012
18,63,5680
19,63,4978
20,63,9672
21,63,9226
22,63,9450
23,63,6612
24,63,6128
25,63,6204
26,63,6160
27,63,6172
28,63,8288
29,63,9982
30,63,9400
31,63,10192
32,63,10706
33,63,9764
34,63,5674
35,63,8724
36,63,8486
37,63,9806
38,63,9078
39,63,7976
40,63,13108
41,63,14028
42,63,9778
43,63,11354
44,63,10322
45,63,11310
46,63,18312
47,63,11552
48,63,8074
49,63,8106
50,63,10722
51,63,7220
52,63,5204
53,63,6606
54,63,6598
55,63,5672
56,63,8516
57,63,4334
58,63,7420
59,63,8500
60,63,18192
61,63,36844
62,63,164774
63,63,780894
64,63,233456
65,63,83894
66,63,39404
67,63,27942
68,63,24200
69,63,22410
70,63,21766
71,63,25576
72,63,21800
73,63,14438
74,63,14378
75,63,7768
76,63,7548
77,63,9146
78,63,14056
79,63,10236
80,63,12040
81,63,15334
82,63,16196
83,63,13806
84,63,11982
85,63,12110
86,63,3754
87,63,3186
88,63,4354
89,63,1698
90,63,1946
0,64,30
2,64,436
3,64,1746
4,64,6364
5,64,6024
6,64,4556
7,64,4406
8,64,6854
9,64,5982
10,64,4442
11,64,3818
12,64,5000
13,64,5798
14,64,7862
15,64,7462
16,64,7684
17,64,7558
18,64,7362
19,64,7540
20,64,9782
21,64,7304
22,64,8822
23,64,9316
24,64,6244
25,64,6058
26,64,6078
27,64,5588
28,64,8250
29,64,11676
30,64,9386
31,64,9672
32,64,10028
33,64,12092
34,64,8174
35,64,10634
36,64,10352
37,64,10958
38,64,10480
39,64,10384
40,64,12424
41,64,14022
42,64,11914
43,64,13396
44,64,12760
45,64,15308
46,64,16480
47,64,13886
48,64,10074
49,64,9822
50,64,11654
51,64,8678
52,64,6048
53,64,6944
54,64,7010
55,64,6588
56,64,8114
57,64,4832
58,64,7286
59,64,9242
60,64,16764
61,64,35686
62,64,103688
63,64,233456
64,64,870166
65,64,251644
66,64,50172
67,64,31822
68,64,23874
69,64,22676
70,64,20426
71,64,25762
72,64,26780
73,64,19332
74,64,16150
75,64,10684
76,64,9860
77,64,11656
78,64,13808
79,64,12732
80,64,14168
81,64,13046
82,64,12492
83,64,13920
84,64,12792
85,64,11076
86,64,5082
87,64,3978
88,64,4396
89,64,2190
90,64,2504
0,65,42
2,65,386
3,65,1594
4,65,8022
5,65,7280
6,65,5992
7,65,5748
8,65,8696
9,65,5922
10,65,4016
11,65,3638
12,65,4986
13,65,5506
14,65,9336
15,65,9246
16,65,8292
17,65,7708
18,65,9348
19,65,9654
20,65,11254
21,65,7404
22,65,9506
23,65,12218
24,65,6368
25,65,6196
26,65,6270
27,65,5782
28,65,9252
29,65,14990
30,65,9776
31,65,9858
32,65,9960
33,65,15998
34,65,11478
35,65,12754
36,65,12992
37,65,12960
38,65,13154
39,65,13506
40,65,14430
41,65,16468
42,65,15978
43,65,16500
44,65,16230
45,65,19498
46,65,16986
47,65,16920
48,65,12456
49,65,11562
50,65,11924
51,65,9950
52,65,7198
53,65,8362
54,65,8172
55,65,7082
56,65,8734
57,65,5864
58,65,7932
59,65,9910
60,65,16822
61,65,34374
62,65,65132
63,65,83894
64,65,251644
65,65,994032
66,65,184684
67,65,74870
68,65,44778
69,65,42856
70,65,36656
71,65,48560
72,65,44900
73,65,29968
74,65,25186
75,65,16358
76,65,14434
77,65,16106
78,65,17828
79,65,18396
80,65,20828
81,65,16232
82,65,14906
83,65,19864
84,65,17798
85,65,14032
86,65,7408
87,65,5550
88,65,5562
89,65,2924
90,65,3284
0,66,50
2,66,346
3,66,1572
4,66,3878
5,66,3636
6,66,2688
7,66,2786
8,66,4098
9,66,5384
10,66,4834
11,66,4368
12,66,5052
13,66,5518
14,66,5240
15,66,4424
16,66,5614
17,66,6110
18,66,4238
19,66,4028
20,66,7744
21,66,7546
22,66,7896
23,66,5758
24,66,5734
25,66,5932
26,66,5246
27,66,5772
28,66,7322
29,66,9128
30,66,8780
31,66,9338
32,66,9266
33,66,8580
34,66,4376
35,66,6948
36,66,6982
37,66,8022
38,66,6812
39,66,6284
40,66,10218
41,66,11364
42,66,7912
43,66,9892
44,66,9480
45,66,9596
46,66,14132
47,66,8766
48,66,5384
49,66,5596
50,66,7136
51,66,4526
52,66,3356
53,66,3858
54,66,3986
55,66,3608
56,66,4590
57,66,2620
58,66,3822
59,66,4236
60,66,7392
61,66,11732
62,66,28038
63,66,39404
64,66,50172
65,66,184684
66,66,612596
67,66,147510
68,66,65688
69,66,51500
70,66,45110
71,66,45144
72,66,28904
73,66,15782
74,66,14454
75,66,7772
76,66,7032
77,66,8724
78,66,11774
79,66,8704
80,66,10116
81,66,14346
82,66,14486
83,66,11562
84,66,9540
85,66,9356
86,66,3286
87,66,2708
88,66,3142
89,66,1556
90,66,1720
0,67,28
2,67,416
3,67,1518
4,67,3548
5,67,3116
6,67,2470
7,67,2460
8,67,3526
9,67,5280
10,67,5274
11,67,4912
12,67,5370
13,67,5196
14,67,4848
15,67,4220
16,67,5212
17,67,5794
18,67,3994
19,67,3592
20,67,6944
21,67,8078
22,67,7608
23,67,5344
24,67,5780
25,67,5990
26,67,5620
27,67,6152
28,67,7376
29,67,8218
30,67,8328
31,67,8560
32,67,8960
33,67,7498
34,67,4422
35,67,6364
36,67,6576
37,67,7436
38,67,6150
39,67,5880
40,67,8970
41,67,10856
42,67,7312
43,67,9196
44,67,9066
45,67,9126
46,67,13008
47,67,7710
48,67,4964
49,67,5186
50,67,6724
51,67,4148
52,67,3180
53,67,3510
54,67,3458
55,67,3312
56,67,4114
57,67,2296
58,67,3194
59,67,3674
60,67,6240
61,67,9524
62,67,20636
63,67,27942
64,67,31822
65,67,74870
66,67,147510
67,67,576040
68,67,173362
69,67,86492
70,67,59712
71,67,48954
72,67,28470
73,67,16230
74,67,14210
75,67,8072
76,67,7230
77,67,8502
78,67,10762
79,67,8450
80,67,10056
81,67,14836
82,67,15868
83,67,11376
84,67,8986
85,67,9636
86,67,3278
87,67,2628
88,67,2978
89,67,1492
90,67,1712
0,68,52
2,68,552
3,68,1684
4,68,3046
5,68,2706
6,68,2096
7,68,2120
8,68,3008
9,68,5712
10,68,6144
11,68,5748
12,68,5954
13,68,5422
14,68,4470
15,68,3686
16,68,4752
17,68,5452
18,68,3410
19,68,3086
20,68,6832
21,68,8896
22,68,7850
23,68,4786
24,68,5444
25,68,5806
26,68,5990
27,68,6692
28,68,7456
29,68,7474
30,68,7510
31,68,8266
32,68,8614
33,68,6492
34,68,3400
35,68,5678
36,68,5908
37,68,6584
38,68,5496
39,68,4960
40,68,8578
41,68,9500
42,68,6450
43,68,7814
44,68,7620
45,68,7574
46,68,12542
47,68,6790
48,68,4198
49,68,4260
50,68,6124
51,68,3536
52,68,2640
53,68,3078
54,68,3120
55,68,2884
56,68,3610
57,68,2030
58,68,2782
59,68,2910
60,68,5306
61,68,7868
62,68,17908
63,68,24200
64,68,23874
65,68,44778
66,68,65688
67,68,173362
68,68,573720
69,68,185654
70,68,88272
71,68,58246
72,68,29264
73,68,15296
74,68,14696
75,68,7124
76,68,6616
77,68,8340
78,68,11220
79,68,7868
80,68,9828
81,68,17538
82,68,19282
83,68,11716
84,68,9182
85,68,11012
86,68,2958
87,68,2356
88,68,3012
89,68,1468
90,68,1478
0,69,56
2,69,626
3,69,1962
4,69,3642
5,69,2982
6,69,2260
7,69,2304
8,69,3532
9,69,6154
10,69,6278
11,69,5832
12,69,6564
13,69,5706
14,69,4862
15,69,4184
16,69,4994
17,69,5724
18,69,3894
19,69,3620
20,69,7270
21,69,9192
22,69,8156
23,69,5532
24,69,5568
25,69,5956
26,69,6474
27,69,6826
28,69,8344
29,69,8230
30,69,7266
31,69,8094
32,69,8458
33,69,7082
34,69,3868
35,69,6046
36,69,6428
37,69,7202
38,69,6116
39,69,5522
40,69,8834
41,69,10138
42,69,7274
43,69,8332
44,69,8454
45,69,8456
46,69,12794
47,69,7338
48,69,4404
49,69,4818
50,69,6730
51,69,3942
52,69,2716
53,69,3100
54,69,3240
55,69,2984
56,69,3968
57,69,2094
58,69,2734
59,69,3262
60,69,5562
61,69,8170
62,69,17676
63,69,22410
64,69,22676
65,69,42856
66,69,51500
67,69,86492
68,69,185654
69,69,635398
70,69,174434
71,69,83294
72,69,38212
73,69,20006
74,69,18814
75,69,9150
76,69,7878
77,69,9938
78,69,12962
79,69,9914
80,69,11880
81,69,21006
82,69,23152
83,69,14484
84,69,10526
85,69,12564
86,69,3358
87,69,2648
88,69,3456
89,69,1614
90,69,1746
0,70,56
2,70,636
3,70,1864
4,70,3118
5,70,2658
6,70,1924
7,70,1964
8,70,2984
9,70,6150
10,70,6526
11,70,5778
12,70,5996
13,70,5542
14,70,4420
15,70,3630
16,70,4800
17,70,5422
18,70,3400
19,70,2846
20,70,6736
21,70,9196
22,70,8136
23,70,4834
24,70,5794
25,70,5942
26,70,6202
27,70,6864
28,70,7894
29,70,7770
30,70,7710
31,70,8066
32,70,8594
33,70,6410
34,70,3054
35,70,5140
36,70,5384
37,70,6318
38,70,5036
39,70,4756
40,70,8230
41,70,9090
42,70,6072
43,70,7786
44,70,7072
45,70,7000
46,70,12290
47,70,6500
48,70,3732
49,70,3946
50,70,5424
51,70,3260
52,70,2182
53,70,2550
54,70,2758
55,70,2366
56,70,3314
57,70,1790
58,70,2570
59,70,2730
60,70,4414
61,70,6718
62,70,16178
63,70,21766
64,70,20426
65,70,36656
66,70,45110
67,70,59712
68,70,88272
69,70,174434
70,70,551878
71,70,171688
72,70,48678
73,70,20422
74,70,19330
75,70,9000
76,70,7732
77,70,9156
78,70,12678
79,70,8784
80,70,10708
81,70,20658
82,70,22980
83,70,13068
84,70,9574
85,70,11810
86,70,2982
87,70,2524
88,70,3146
89,70,1562
90,70,1602
0,71,60
2,71,594
3,71,1938
4,71,5260
5,71,4548
6,71,3398
7,71,3238
8,71,5274
9,71,7022
10,71,5948
11,71,4988
12,71,6240
13,71,6152
14,71,6270
15,71,5180
16,71,6676
17,71,7140
18,71,5296
19,71,4966
20,71,9302
21,71,9318
22,71,9566
23,71,7354
24,71,6224
25,71,6412
26,71,6084
27,71,6474
28,71,8972
29,71,10512
30,71,8456
31,71,9208
32,71,9696
33,71,9832
34,71,5394
35,71,8002
36,71,7906
37,71,8862
38,71,7850
39,71,7440
40,71,11036
41,71,12308
42,71,8908
43,71,10366
44,71,9644
45,71,10228
46,71,14486
47,71,9794
48,71,5892
49,71,5914
50,71,7442
51,71,4762
52,71,3366
53,71,3864
54,71,3942
55,71,3540
56,71,4544
57,71,2618
58,71,3510
59,71,3898
60,71,6974
61,71,11566
62,71,24488
63,71,25576
64,71,25762
65,71,48560
66,71,45144
67,71,48954
68,71,58246
69,71,83294
70,71,171688
71,71,737264
72,71,234224
73,71,52392
74,71,41132
75,71,17078
76,71,14066
77,71,16504
78,71,22292
79,71,16056
80,71,19476
81,71,26894
82,71,27506
83,71,21236
84,71,16396
85,71,16440
86,71,4842
87,71,3856
88,71,5002
89,71,2240
90,71,2548
0,72,24
2,72,350
3,72,1378
4,72,7004
5,72,7428
6,72,5684
7,72,6088
8,72,8034
9,72,5114
10,72,3636
11,72,3216
12,72,4024
13,72,4610
14,72,7440
15,72,7892
16,72,7466
17,72,7134
18,72,8202
19,72,8400
20,72,10112
21,72,6054
22,72,7892
23,72,9290
24,72,5268
25,72,5346
26,72,5006
27,72,4566
28,72,7470
29,72,11126
30,72,8150
31,72,8010
32,72,8262
33,72,12806
34,72,9630
35,72,12070
36,72,11076
37,72,11502
38,72,12006
39,72,11582
40,72,13546
41,72,13774
42,72,12762
43,72,13194
44,72,12546
45,72,13992
46,72,12514
47,72,13076
48,72,11396
49,72,9914
50,72,10070
51,72,8178
52,72,5982
53,72,7104
54,72,6474
55,72,5568
56,72,7284
57,72,4360
58,72,6522
59,72,7650
60,72,13988
61,72,22796
62,72,33480
63,72,21800
64,72,26780
65,72,44900
66,72,28904
67,72,28470
68,72,29264
69,72,38212
70,72,48678
71,72,234224
72,72,1084122
73,72,275328
74,72,140802
75,72,39554
76,72,29770
77,72,31618
78,72,37338
79,72,30320
80,72,33292
81,72,22906
82,72,20122
83,72,29450
84,72,25012
85,72,19984
86,72,9404
87,72,7406
88,72,8136
89,72,3758
90,72,4440
0,73,10
2,73,204
3,73,794
4,73,7176
5,73,7804
6,73,8376
7,73,8002
8,73,9790
9,73,3428
10,73,2086
11,73,1718
12,73,2720
13,73,3092
14,73,7458
15,73,9674
16,73,6806
17,73,5624
18,73,11016
19,73,12662
20,73,7362
21,73,3608
22,73,4800
23,73,10570
24,73,3426
25,73,3302
26,73,4284
27,73,2946
28,73,5596
29,73,9718
30,73,5312
31,73,5596
32,73,5430
33,73,13950
34,73,16574
35,73,13362
36,73,12014
37,73,11326
38,73,15358
39,73,16400
40,73,9772
41,73,10506
42,73,15356
43,73,13142
44,73,12340
45,73,15946
46,73,7262
47,73,15826
48,73,17204
49,73,14580
50,73,10904
51,73,12778
52,73,11018
53,73,11050
54,73,9418
55,73,9132
56,73,9952
57,73,9374
58,73,11890
59,73,16502
60,73,21624
61,73,33604
62,73,25526
63,73,14438
64,73,19332
65,73,29968
66,73,15782
67,73,16230
68,73,15296
69,73,20006
70,73,20422
71,73,52392
72,73,275328
73,73,1912696
74,73,310056
75,73,80630
76,73,53812
77,73,44840
78,73,38636
79,73,41506
80,73,36200
81,73,17208
82,73,13562
83,73,27620
84,73,26982
85,73,18706
86,73,18142
87,73,12840
88,73,9624
89,73,6566
90,73,6782
0,74,32
2,74,306
3,74,1014
4,74,6376
5,74,8896
6,74,7506
7,74,10002
8,74,8556
9,74,3732
10,74,2514
11,74,1928
12,74,2732
13,74,2928
14,74,6080
15,74,7608
16,74,5980
17,74,5740
18,74,9366
19,74,9738
20,74,7074
21,74,3848
22,74,5242
23,74,7482
24,74,3542
25,74,3468
26,74,3558
27,74,3028
28,74,5326
29,74,8018
30,74,5034
31,74,5172
32,74,5372
33,74,11204
34,74,13220
35,74,14122
36,74,12216
37,74,11400
38,74,15006
39,74,14316
40,74,12176
41,74,11978
42,74,13632
43,74,12118
44,74,10472
45,74,12286
46,74,7978
47,74,12528
48,74,18258
49,74,13756
50,74,11702
51,74,13126
52,74,10154
53,74,14124
54,74,11958
55,74,9052
56,74,11724
57,74,9042
58,74,15986
59,74,16604
60,74,29572
61,74,35654
62,74,30284
63,74,14378
64,74,16150
65,74,25186
66,74,14454
67,74,14210
68,74,14696
69,74,18814
70,74,19330
71,74,41132
72,74,140802
73,74,310056
74,74,1416836
75,74,395804
76,74,108446
77,74,77142
78,74,74856
79,74,58766
80,74,49050
81,74,22464
82,74,18896
83,74,37484
84,74,37278
85,74,27576
86,74,20004
87,74,16412
88,74,17274
89,74,8046
90,74,8244
0,75,16
2,75,140
3,75,530
4,75,5868
5,75,8448
6,75,10060
7,75,10524
8,75,9216
9,75,2204
10,75,1256
11,75,1120
12,75,1648
13,75,1952
14,75,5640
15,75,7990
16,75,4442
17,75,3850
18,75,10280
19,75,11006
20,75,4436
21,75,2106
22,75,3070
23,75,7352
24,75,2262
25,75,2232
26,75,2650
27,75,1792
28,75,3540
29,75,6730
30,75,3256
31,75,3238
32,75,3102
33,75,11300
34,75,16846
35,75,12362
36,75,11790
37,75,9696
38,75,14942
39,75,14980
40,75,7742
41,75,8080
42,75,13610
43,75,9936
44,75,9620
45,75,12002
46,75,4680
47,75,12464
48,75,19424
49,75,14908
50,75,10046
51,75,15524
52,75,14510
53,75,16610
54,75,14086
55,75,11428
56,75,13758
57,75,16190
58,75,20902
59,75,23802
60,75,27570
61,75,32734
62,75,14884
63,75,7768
64,75,10684
65,75,16358
66,75,7772
67,75,8072
68,75,7124
69,75,9150
70,75,9000
71,75,17078
72,75,39554
73,75,80630
74,75,395804
75,75,1735410
76,75,381982
77,75,117910
78,75,64972
79,75,58202
80,75,39136
81,75,16082
82,75,12650
83,75,26864
84,75,29956
85,75,21002
86,75,28266
87,75,23188
88,75,16440
89,75,11292
90,75,10634
0,76,18
2,76,168
3,76,542
4,76,5774
5,76,8224
6,76,9630
7,76,9898
8,76,8078
9,76,2030
10,76,1250
11,76,1004
12,76,1626
13,76,1884
14,76,5266
15,76,7460
16,76,4638
17,76,3884
18,76,9604
19,76,10600
20,76,3996
21,76,2078
22,76,2926
23,76,6592
24,76,2058
25,76,2028
26,76,2358
27,76,1654
28,76,3176
29,76,5906
30,76,2930
31,76,3044
32,76,2800
33,76,10022
34,76,15624
35,76,11906
36,76,11270
37,76,9466
38,76,14086
39,76,13984
40,76,7476
41,76,7982
42,76,12254
43,76,9536
44,76,9156
45,76,11252
46,76,4504
47,76,12116
48,76,19252
49,76,16146
50,76,10780
51,76,16160
52,76,16082
53,76,18258
54,76,15444
55,76,13550
56,76,15702
57,76,16686
58,76,22076
59,76,24082
60,76,29306
61,76,31084
62,76,14702
63,76,7548
64,76,9860
65,76,14434
66,76,7032
67,76,7230
68,76,6616
69,76,7878
70,76,7732
71,76,14066
72,76,29770
73,76,53812
74,76,108446
75,76,381982
76,76,2050122
77,76,484020
78,76,110678
79,76,78446
80,76,47320
81,76,19610
82,76,14732
83,76,31766
84,76,33576
85,76,23918
86,76,32738
87,76,26802
88,76,20062
89,76,13366
90,76,11822
0,77,16
2,77,190
3,77,814
4,77,6246
5,77,8392
6,77,9474
7,77,9442
8,77,8464
9,77,2704
10,77,1660
11,77,1504
12,77,2028
13,77,2532
14,77,5232
15,77,6994
16,77,4930
17,77,4610
18,77,8590
19,77,8754
20,77,5182
21,77,2604
22,77,3732
23,77,6854
24,77,2714
25,77,2482
26,77,2900
27,77,2238
28,77,3796
29,77,6464
30,77,3480
31,77,3686
32,77,3462
33,77,10046
34,77,12926
35,77,12100
36,77,10918
37,77,10152
38,77,12696
39,77,12708
40,77,8684
41,77,9058
42,77,11872
43,77,9962
44,77,9196
45,77,11218
46,77,5976
47,77,11308
48,77,16590
49,77,14856
50,77,11584
51,77,14304
52,77,13420
53,77,15932
54,77,13800
55,77,12102
56,77,14094
57,77,13002
58,77,17474
59,77,19156
60,77,27136
61,77,27518
62,77,17982
63,77,9146
64,77,11656
65,77,16106
66,77,8724
67,77,8502
68,77,8340
69,77,9938
70,77,9156
71,77,16504
72,77,31618
73,77,44840
74,77,77142
75,77,117910
76,77,484020
77,77,1799002
78,77,432920
79,77,126566
80,77,68530
81,77,28560
82,77,22746
83,77,41360
84,77,42838
85,77,32298
86,77,29950
87,77,24984
88,77,22818
89,77,12628
90,77,11424
0,78,28
2,78,312
3,78,1248
4,78,6342
5,78,8858
6,78,7678
7,78,8666
8,78,7066
9,78,3962
10,78,2574
11,78,2074
12,78,2758
13,78,3132
14,78,5122
15,78,5930
16,78,5692
17,78,5996
18,78,6860
19,78,6422
20,78,6900
21,78,3956
22,78,5224
23,78,5608
24,78,3180
25,78,2946
26,78,3104
27,78,2748
28,78,4450
29,78,6582
30,78,4412
31,78,4666
32,78,4770
33,78,8766
34,78,8838
35,78,11426
36,78,10072
37,78,10754
38,78,11262
39,78,10334
40,78,11902
41,78,10926
42,78,9730
43,78,9490
44,78,8450
45,78,9672
46,78,8740
47,78,9632
48,78,13560
49,78,12832
50,78,12358
51,78,11116
52,78,9944
53,78,13738
54,78,12074
55,78,8948
56,78,13022
57,78,7440
58,78,13482
59,78,13080
60,78,26450
61,78,24622
62,78,27258
63,78,14056
64,78,13808
65,78,17828
66,78,11774
67,78,10762
68,78,11220
69,78,12962
70,78,12678
71,78,22292
72,78,37338
73,78,38636
74,78,74856
75,78,64972
76,78,110678
77,78,432920
78,78,1454040
79,78,427456
80,78,147146
81,78,51812
82,78,44070
83,78,68254
84,78,64420
85,78,53048
86,78,24438
87,78,21236
88,78,28942
89,78,10416
90,78,10522
0,79,26
2,79,252
3,79,830
4,79,8300
5,79,10326
6,79,10448
7,79,10384
8,79,10190
9,79,3200
10,79,1848
11,79,1456
12,79,2100
13,79,2540
14,79,6148
15,79,7930
16,79,5386
17,79,4972
18,79,9034
19,79,9654
20,79,6056
21,79,2766
22,79,4124
23,79,7634
24,79,2494
25,79,2522
26,79,2596
27,79,2042
28,79,3958
29,79,6916
30,79,3684
31,79,3688
32,79,3676
33,79,11024
34,79,13606
35,79,12046
36,79,10394
37,79,9912
38,79,13516
39,79,13706
40,79,9346
41,79,9434
42,79,12194
43,79,10146
44,79,9470
45,79,12350
46,79,6262
47,79,12348
48,79,17484
49,79,15062
50,79,10854
51,79,13628
52,79,12680
53,79,15258
54,79,12416
55,79,10856
56,79,12870
57,79,11386
58,79,15944
59,79,17478
60,79,26854
61,79,30908
62,79,21880
63,79,10236
64,79,12732
65,79,18396
66,79,8704
67,79,8450
68,79,7868
69,79,9914
70,79,8784
71,79,16056
72,79,30320
73,79,41506
74,79,58766
75,79,58202
76,79,78446
77,79,126566
78,79,427456
79,79,1977420
80,79,428272
81,79,61196
82,79,42526
83,79,88414
84,79,76102
85,79,48974
86,79,38648
87,79,28360
88,79,26990
89,79,13314
90,79,12610
0,80,26
2,80,332
3,80,1302
4,80,9146
5,80,10422
6,80,7962
7,80,9222
8,80,9988
9,80,3970
10,80,2296
11,80,1890
12,80,2694
13,80,3066
14,80,6734
15,80,8178
16,80,5914
17,80,5378
18,80,9092
19,80,9156
20,80,7314
21,80,3740
22,80,4986
23,80,8020
24,80,3232
25,80,3068
26,80,3236
27,80,2472
28,80,5042
29,80,8414
30,80,4406
31,80,4468
32,80,4266
33,80,10470
34,80,11340
35,80,10894
36,80,9822
37,80,9328
38,80,11444
39,80,12022
40,80,9820
41,80,9928
42,80,11762
43,80,9922
44,80,9368
45,80,11960
46,80,7090
47,80,11854
48,80,14440
49,80,11730
50,80,9814
51,80,11002
52,80,8910
53,80,11488
54,80,9750
55,80,8234
56,80,9638
57,80,7942
58,80,11858
59,80,12250
60,80,19272
61,80,26672
62,80,23620
63,80,12040
64,80,14168
65,80,20828
66,80,10116
67,80,10056
68,80,9828
69,80,11880
70,80,10708
71,80,19476
72,80,33292
73,80,36200
74,80,49050
75,80,39136
76,80,47320
77,80,68530
78,80,147146
79,80,428272
80,80,1505094
81,80,284176
82,80,119714
83,80,203242
84,80,94020
85,80,59062
86,80,35434
87,80,24518
88,80,23806
89,80,11258
90,80,11092
0,81,58
2,81,840
3,81,2778
4,81,6156
5,81,5000
6,81,4448
7,81,4346
8,81,6234
9,81,6642
10,81,5168
11,81,4682
12,81,5284
13,81,4850
14,81,5346
15,81,4888
16,81,5204
17,81,6320
18,81,5038
19,81,4260
20,81,7366
21,81,7774
22,81,7390
23,81,5872
24,81,4378
25,81,4410
26,81,4870
27,81,4784
28,81,6732
29,81,7110
30,81,5250
31,81,5424
32,81,6136
33,81,6726
34,81,4786
35,81,5990
36,81,5962
37,81,6492
38,81,6054
39,81,6330
40,81,7374
41,81,8394
42,81,6674
43,81,6352
44,81,5718
45,81,6948
46,81,9732
47,81,6894
48,81,5664
49,81,5982
50,81,7462
51,81,5146
52,81,4902
53,81,4964
54,81,5312
55,81,4974
56,81,6906
57,81,3530
58,81,4824
59,81,5354
60,81,8780
61,81,10568
62,81,16620
63,81,15334
64,81,13046
65,81,16232
66,81,14346
67,81,14836
68,81,17538
69,81,21006
70,81,20658
71,81,26894
72,81,22906
73,81,17208
74,81,22464
75,81,16082
76,81,19610
77,81,28560
78,81,51812
79,81,61196
80,81,284176
81,81,1263486
82,81,451458
83,81,238522
84,81,59216
85,81,58906
86,81,16462
87,81,12206
88,81,15028
89,81,6506
90,81,6284
0,82,94
2,82,1086
3,82,2952
4,82,5244
5,82,4414
6,82,3404
7,82,3654
8,82,4954
9,82,7296
10,82,6172
11,82,5630
12,82,5822
13,82,5370
14,82,4600
15,82,3898
16,82,4844
17,82,5972
18,82,4108
19,82,3308
20,82,6850
21,82,8890
22,82,7516
23,82,4868
24,82,4668
25,82,4564
26,82,5032
27,82,5414
28,82,7176
29,82,6364
30,82,5150
31,82,5858
32,82,6338
33,82,5694
34,82,3356
35,82,5006
36,82,5216
37,82,5734
38,82,5114
39,82,4850
40,82,6800
41,82,7936
42,82,5148
43,82,5278
44,82,5098
45,82,5452
46,82,10186
47,82,5470
48,82,4342
49,82,4874
50,82,6512
51,82,4120
52,82,3480
53,82,4204
54,82,4734
55,82,4098
56,82,5860
57,82,2668
58,82,3898
59,82,3922
60,82,7424
61,82,8298
62,82,15326
63,82,16196
64,82,12492
65,82,14906
66,82,14486
67,82,15868
68,82,19282
69,82,23152
70,82,22980
71,82,27506
72,82,20122
73,82,13562
74,82,18896
75,82,12650
76,82,14732
77,82,22746
78,82,44070
79,82,42526
80,82,119714
81,82,451458
82,82,1121792
83,82,334524
84,82,61312
85,82,68560
86,82,14110
87,82,10916
88,82,15140
89,82,5736
90,82,5642
0,83,38
2,83,518
3,83,1612
4,83,9212
5,83,9506
6,83,7488
7,83,8972
8,83,9804
9,83,5048
10,83,3044
11,83,2496
12,83,3330
13,83,3522
14,83,6442
15,83,7274
16,83,6084
17,83,5994
18,83,8322
19,83,8016
20,83,8002
21,83,5002
22,83,6010
23,83,7274
24,83,3544
25,83,3314
26,83,3524
27,83,3126
28,83,5254
29,83,7602
30,83,4524
31,83,5068
32,83,4888
33,83,9246
34,83,9022
35,83,9582
36,83,8702
37,83,8282
38,83,10328
39,83,10548
40,83,9758
41,83,9684
42,83,10434
43,83,8994
44,83,8006
45,83,10346
46,83,8328
47,83,10342
48,83,12694
49,83,10052
50,83,8686
51,83,9442
52,83,7066
53,83,10160
54,83,8190
55,83,6700
56,83,9118
57,83,6612
58,83,11060
59,83,10580
60,83,17828
61,83,24362
62,83,23966
63,83,13806
64,83,13920
65,83,19864
66,83,11562
67,83,11376
68,83,11716
69,83,14484
70,83,13068
71,83,21236
72,83,29450
73,83,27620
74,83,37484
75,83,26864
76,83,31766
77,83,41360
78,83,68254
79,83,88414
80,83,203242
81,83,238522
82,83,334524
83,83,1388546
84,83,358634
85,83,115026
86,83,49558
87,83,31348
88,83,32884
89,83,14002
90,83,13346
0,84,38
2,84,444
3,84,1390
4,84,9396
5,84,10808
6,84,9368
7,84,10850
8,84,11008
9,84,4194
10,84,2534
11,84,2150
12,84,2872
13,84,3158
14,84,6208
15,84,7972
16,84,5752
17,84,5738
18,84,9142
19,84,9066
20,84,7186
21,84,3954
22,84,4878
23,84,7016
24,84,2886
25,84,2744
26,84,2892
27,84,2510
28,84,4546
29,84,7168
30,84,4004
31,84,4290
32,84,4198
33,84,10160
34,84,10784
35,84,10176
36,84,9646
37,84,9086
38,84,12240
39,84,12070
40,84,10018
41,84,9608
42,84,11120
43,84,9258
44,84,8436
45,84,10896
46,84,7212
47,84,11020
48,84,14474
49,84,11726
50,84,9338
51,84,10900
52,84,9010
53,84,12534
54,84,10128
55,84,8282
56,84,10702
57,84,9264
58,84,13666
59,84,13934
60,84,21602
61,84,28392
62,84,24586
63,84,11982
64,84,12792
65,84,17798
66,84,9540
67,84,8986
68,84,9182
69,84,10526
70,84,9574
71,84,16396
72,84,25012
73,84,26982
74,84,37278
75,84,29956
76,84,33576
77,84,42838
78,84,64420
79,84,76102
80,84,94020
81,84,59216
82,84,61312
83,84,358634
84,84,1581332
85,84,450726
86,84,107550
87,84,53664
88,84,55638
89,84,20622
90,84,17044
0,85,26
2,85,572
3,85,1878
4,85,7518
5,85,8318
6,85,6870
7,85,8104
8,85,8254
9,85,4920
10,85,3270
11,85,2876
12,85,3216
13,85,3298
14,85,5210
15,85,5936
16,85,5258
17,85,5554
18,85,6968
19,85,6140
20,85,6408
21,85,4948
22,85,5290
23,85,5364
24,85,3140
25,85,2988
26,85,3064
27,85,3084
28,85,4618
29,85,5618
30,85,3736
31,85,4152
32,85,4362
33,85,7564
34,85,6826
35,85,7778
36,85,7342
37,85,7764
38,85,8888
39,85,8966
40,85,9106
41,85,8922
42,85,8068
43,85,7126
44,85,6524
45,85,7426
46,85,7758
47,85,8318
48,85,9738
49,85,8202
50,85,8522
51,85,7688
52,85,6328
53,85,9118
54,85,8452
55,85,6458
56,85,9190
57,85,6980
58,85,10750
59,85,10012
60,85,16248
61,85,19106
62,85,19546
63,85,12110
64,85,11076
65,85,14032
66,85,9356
67,85,9636
68,85,11012
69,85,12564
70,85,11810
71,85,16440
72,85,19984
73,85,18706
74,85,27576
75,85,21002
76,85,23918
77,85,32298
78,85,53048
79,85,48974
80,85,59062
81,85,58906
82,85,68560
83,85,115026
84,85,450726
85,85,1314078
86,85,348968
87,85,71606
88,85,59316
89,85,19034
90,85,15770
0,86,22
2,86,152
3,86,490
4,86,6086
5,86,8600
6,86,10124
7,86,11534
8,86,9420
9,86,1534
10,86,890
11,86,746
12,86,1138
13,86,1348
14,86,4600
15,86,7332
16,86,3544
17,86,2646
18,86,9698
19,86,10380
20,86,2824
21,86,1242
22,86,1722
23,86,5226
24,86,1298
25,86,1216
26,86,1356
27,86,950
28,86,1852
29,86,4082
30,86,1720
31,86,1662
32,86,1532
33,86,8462
34,86,13764
35,86,7982
36,86,8064
37,86,6082
38,86,11392
39,86,12088
40,86,4572
41,86,5080
42,86,10204
43,86,6684
44,86,6538
45,86,7964
46,86,2366
47,86,10136
48,86,16336
49,86,11248
50,86,6564
51,86,13320
52,86,13416
53,86,14912
54,86,11888
55,86,10304
56,86,11870
57,86,20558
58,86,23988
59,86,24340
60,86,20696
61,86,25682
62,86,7268
63,86,3754
64,86,5082
65,86,7408
66,86,3286
67,86,3278
68,86,2958
69,86,3358
70,86,2982
71,86,4842
72,86,9404
73,86,18142
74,86,20004
75,86,28266
76,86,32738
77,86,29950
78,86,24438
79,86,38648
80,86,35434
81,86,16462
82,86,14110
83,86,49558
84,86,107550
85,86,348968
86,86,2102874
87,86,461810
88,86,71290
89,86,42666
90,86,30290
0,87,18
2,87,110
3,87,466
4,87,5414
5,87,7870
6,87,9266
7,87,11586
8,87,7772
9,87,1458
10,87,760
11,87,640
12,87,960
13,87,1208
14,87,3638
15,87,5762
16,87,2758
17,87,2462
18,87,7302
19,87,7768
20,87,2444
21,87,1066
22,87,1548
23,87,3770
24,87,1046
25,87,974
26,87,1054
27,87,774
28,87,1428
29,87,3132
30,87,1302
31,87,1276
32,87,1264
33,87,6158
34,87,10180
35,87,6812
36,87,6764
37,87,5466
38,87,9004
39,87,8954
40,87,4168
41,87,4342
42,87,7488
43,87,5420
44,87,5222
45,87,6050
46,87,2342
47,87,7634
48,87,13398
49,87,9894
50,87,6194
51,87,12210
52,87,12014
53,87,16080
54,87,12356
55,87,10258
56,87,12702
57,87,20092
58,87,25162
59,87,22040
60,87,19702
61,87,19676
62,87,6160
63,87,3186
64,87,3978
65,87,5550
66,87,2708
67,87,2628
68,87,2356
69,87,2648
70,87,2524
71,87,3856
72,87,7406
73,87,12840
74,87,16412
75,87,23188
76,87,26802
77,87,24984
78,87,21236
79,87,28360
80,87,24518
81,87,12206
82,87,10916
83,87,31348
84,87,53664
85,87,71606
86,87,461810
87,87,1945396
88,87,332862
89,87,89282
90,87,50726
0,88,22
2,88,172
3,88,642
4,88,4484
5,88,6878
6,88,6740
7,88,9956
8,88,6476
9,88,1816
10,88,1040
11,88,846
12,88,1172
13,88,1380
14,88,2668
15,88,3440
16,88,2874
17,88,2704
18,88,4330
19,88,4058
20,88,2772
21,88,1454
22,88,1742
23,88,2596
24,88,1192
25,88,1160
26,88,1118
27,88,856
28,88,1562
29,88,2334
30,88,1438
31,88,1522
32,88,1452
33,88,3828
34,88,5256
35,88,5746
36,88,5140
37,88,4924
38,88,6174
39,88,5852
40,88,5062
41,88,4600
42,88,4960
43,88,4450
44,88,3974
45,88,4614
46,88,3266
47,88,4926
48,88,9024
49,88,8046
50,88,6704
51,88,8268
52,88,8326
53,88,13592
54,88,10840
55,88,8538
56,88,11602
57,88,9842
58,88,17992
59,88,12504
60,88,19206
61,88,13862
62,88,8664
63,88,4354
64,88,4396
65,88,5562
66,88,3142
67,88,2978
68,88,3012
69,88,3456
70,88,3146
71,88,5002
72,88,8136
73,88,9624
74,88,17274
75,88,16440
76,88,20062
77,88,22818
78,88,28942
79,88,26990
80,88,23806
81,88,15028
82,88,15140
83,88,32884
84,88,55638
85,88,59316
86,88,71290
87,88,332862
88,88,1522288
89,88,351780
90,88,83252
0,89,10
2,89,102
3,89,276
4,89,3328
5,89,4674
6,89,6196
7,89,7258
8,89,5470
9,89,798
10,89,436
11,89,388
12,89,502
13,89,736
14,89,1852
15,89,2680
16,89,1506
17,89,1266
18,89,3826
19,89,3836
20,89,1278
21,89,612
22,89,854
23,89,1986
24,89,574
25,89,590
26,89,670
27,89,478
28,89,876
29,89,1642
30,89,704
31,89,760
32,89,684
33,89,3102
34,89,4588
35,89,3198
36,89,3244
37,89,2668
38,89,4310
39,89,4158
40,89,1910
41,89,2148
42,89,3486
43,89,2592
44,89,2788
45,89,3262
46,89,1172
47,89,3768
48,89,6554
49,89,5336
50,89,3232
51,89,6010
52,89,7120
53,89,8336
54,89,6918
55,89,5740
56,89,6976
57,89,10446
58,89,12544
59,89,10632
60,89,9804
61,89,9280
62,89,3144
63,89,1698
64,89,2190
65,89,2924
66,89,1556
67,89,1492
68,89,1468
69,89,1614
70,89,1562
71,89,2240
72,89,3758
73,89,6566
74,89,8046
75,89,11292
76,89,13366
77,89,12628
78,89,10416
79,89,13314
80,89,11258
81,89,6506
82,89,5736
83,89,14002
84,89,20622
85,89,19034
86,89,42666
87,89,89282
88,89,351780
89,89,1422702
90,89,296228
0,90,12
2,90,90
3,90,398
4,90,3694
5,90,4850
6,90,5120
7,90,5738
8,90,4390
9,90,1098
10,90,646
11,90,506
12,90,748
13,90,890
14,90,2290
15,90,2878
16,90,1862
17,90,1720
18,90,3670
19,90,3714
20,90,1818
21,90,884
22,90,1044
23,90,2144
24,90,718
25,90,726
26,90,726
27,90,600
28,90,1090
29,90,1762
30,90,968
31,90,864
32,90,828
33,90,2892
34,90,4586
35,90,3768
36,90,3468
37,90,3170
38,90,4354
39,90,4114
40,90,2508
41,90,2618
42,90,3730
43,90,3102
44,90,3156
45,90,3848
46,90,1540
47,90,3944
48,90,6164
49,90,5252
50,90,3720
51,90,6042
52,90,6050
53,90,7956
54,90,6226
55,90,5694
56,90,6402
57,90,7908
58,90,10250
59,90,8518
60,90,8630
61,90,8018
62,90,3634
63,90,1946
64,90,2504
65,90,3284
66,90,1720
67,90,1712
68,90,1478
69,90,1746
70,90,1602
71,90,2548
72,90,4440
73,90,6782
74,90,8244
75,90,10634
76,90,11822
77,90,11424
78,90,10522
79,90,12610
80,90,11092
81,90,6284
82,90,5642
83,90,13346
84,90,17044
85,90,15770
86,90,30290
87,90,50726
88,90,83252
89,90,296228
90,90,793678
